query_length,avg_word_length,lexical_diversity,noun_ratio,verb_ratio,adjective_ratio,entity_count,idf_mean,idf_max,rare_term_ratio,embedding_norm,embedding_mean,embedding_std,query_entropy,bm25_weight,dense_weight
3,6.667,1.0,0.667,0.0,0.333,0,2.728,3.767,0.333,1.0,-0.00068,0.051027,1.585,0.0,1.0
3,6.667,1.0,0.667,0.333,0.0,0,2.728,3.767,0.333,1.0,-0.000573,0.051028,1.585,0.0,1.0
3,6.667,1.0,0.667,0.0,0.333,0,2.728,3.767,0.333,1.0,-0.000648,0.051027,1.585,0.0,1.0
3,5.333,1.0,0.333,0.333,0.333,0,2.834,4.085,0.333,1.0,-0.0005,0.051029,1.585,0.5,0.5
3,7.0,1.0,0.667,0.0,0.333,0,3.296,5.472,0.333,1.0,0.000269,0.05103,1.585,0.5,0.5
2,5.5,1.0,1.0,0.0,0.0,0,1.753,1.916,0.5,1.0,0.000272,0.05103,1.0,0.5,0.5
2,5.0,1.0,0.0,1.0,0.0,0,2.393,2.869,0.5,1.0,0.000694,0.051026,1.0,0.5,0.5
1,5.0,1.0,0.0,1.0,0.0,0,1.916,1.916,0.0,1.0,0.000593,0.051028,0.0,0.5,0.5
3,5.667,1.0,1.0,0.0,0.0,0,2.26,3.274,0.333,1.0,0.000235,0.05103,1.585,0.5,0.5
2,6.0,1.0,0.5,0.5,0.0,0,3.347,4.778,0.5,1.0,0.001226,0.051016,1.0,0.5,0.5
3,7.667,1.0,0.667,0.0,0.333,0,3.467,5.066,0.333,1.0,-1e-05,0.051031,1.585,0.5,0.5
3,6.667,1.0,0.667,0.0,0.333,0,3.884,5.066,0.667,1.0,0.000112,0.051031,1.585,0.5,0.5
2,7.0,1.0,0.5,0.0,0.5,0,3.784,5.066,0.5,1.0,0.000643,0.051027,1.0,0.5,0.5
2,6.0,1.0,1.0,0.0,0.0,0,3.236,4.555,0.5,1.0,0.000414,0.051029,1.0,0.0,1.0
2,7.0,1.0,1.0,0.0,0.0,0,2.667,2.833,0.5,1.0,0.000386,0.05103,1.0,0.0,1.0
3,9.0,1.0,0.333,0.0,0.667,0,3.085,3.68,0.333,1.0,7.3e-05,0.051031,1.585,0.5,0.5
3,8.333,1.0,0.333,0.0,0.333,0,4.322,5.066,0.333,1.0,-0.000114,0.051031,1.585,0.5,0.5
3,10.0,1.0,0.667,0.0,0.333,0,3.657,4.219,0.667,1.0,0.000538,0.051028,1.585,0.5,0.5
2,11.0,1.0,0.5,0.0,0.5,0,3.377,3.68,0.5,1.0,0.000706,0.051026,1.0,0.5,0.5
3,10.0,0.667,0.667,0.0,0.333,0,3.86,4.219,0.333,1.0,-8.1e-05,0.051031,0.918,0.5,0.5
3,10.333,1.0,0.667,0.0,0.333,0,3.114,3.767,0.333,1.0,0.000176,0.051031,1.585,0.5,0.5
3,7.0,0.667,0.667,0.0,0.333,1,2.692,3.074,0.333,1.0,0.000248,0.05103,0.918,0.0,1.0
2,8.0,1.0,0.5,0.0,0.5,0,2.787,3.074,0.5,1.0,0.000846,0.051024,1.0,0.0,1.0
2,8.0,1.0,1.0,0.0,0.0,0,2.787,3.074,0.5,1.0,0.000658,0.051027,1.0,0.0,1.0
3,7.333,1.0,0.333,0.333,0.333,0,3.451,4.778,0.333,1.0,0.000921,0.051023,1.585,0.0,1.0
3,9.333,1.0,0.333,0.0,0.667,0,3.117,3.68,0.667,1.0,0.00033,0.05103,1.585,0.5,0.5
2,8.0,1.0,0.0,0.0,1.0,0,3.091,3.68,0.5,1.0,0.000228,0.051031,1.0,0.5,0.5
3,8.333,1.0,0.667,0.0,0.333,0,3.749,5.066,0.333,1.0,0.000452,0.051029,1.585,0.5,0.5
3,5.667,1.0,0.333,0.0,0.333,0,3.764,5.472,0.333,1.0,0.000338,0.05103,1.585,0.5,0.5
2,6.5,1.0,0.0,0.0,0.5,0,4.576,5.472,0.5,1.0,9.3e-05,0.051031,1.0,0.5,0.5
3,7.0,1.0,0.667,0.0,0.333,0,2.619,3.767,0.333,1.0,-0.000293,0.05103,1.585,0.5,0.5
3,7.0,1.0,0.333,0.333,0.333,0,2.619,3.767,0.333,1.0,-0.00036,0.05103,1.585,0.5,0.5
3,5.667,1.0,0.667,0.333,0.0,0,2.726,4.085,0.333,1.0,-0.000216,0.051031,1.585,0.5,0.5
2,8.0,1.0,1.0,0.0,0.0,0,2.678,3.767,0.5,1.0,-0.000258,0.05103,1.0,0.0,1.0
3,7.333,0.667,1.0,0.0,0.0,0,2.316,3.767,0.333,1.0,-0.000448,0.051029,0.918,0.0,1.0
3,6.667,1.0,1.0,0.0,0.0,0,3.506,4.555,0.667,1.0,0.000505,0.051029,1.585,0.5,0.5
3,5.667,1.0,1.0,0.0,0.0,0,2.54,3.332,0.667,1.0,0.000957,0.051022,1.585,0.5,0.5
3,6.667,1.0,0.667,0.333,0.0,0,3.872,5.472,0.667,1.0,0.000355,0.05103,1.585,0.5,0.5
3,6.667,0.667,1.0,0.0,0.0,0,1.96,2.699,0.333,1.0,0.000743,0.051026,0.918,0.5,0.5
3,5.333,0.667,1.0,0.0,0.0,0,1.96,2.699,0.333,1.0,0.000801,0.051025,0.918,0.0,1.0
3,5.667,1.0,0.333,0.0,0.667,0,4.211,5.066,0.667,1.0,0.000442,0.051029,1.585,0.5,0.5
3,6.333,1.0,0.333,0.0,0.667,0,4.041,5.066,0.667,1.0,0.001289,0.051015,1.585,0.5,0.5
3,7.667,1.0,0.333,0.333,0.333,0,4.041,5.066,0.667,1.0,0.000792,0.051025,1.585,0.5,0.5
2,9.5,1.0,1.0,0.0,0.0,0,2.491,3.392,0.5,1.0,0.000759,0.051025,1.0,0.0,1.0
2,6.5,1.0,0.5,0.0,0.5,0,3.784,5.066,0.5,1.0,0.000162,0.051031,1.0,0.0,1.0
3,6.333,1.0,0.333,0.0,0.667,0,5.031,5.472,0.667,1.0,0.001231,0.051016,1.585,0.5,0.5
3,7.667,1.0,0.333,0.333,0.333,0,4.896,5.066,0.667,1.0,0.001515,0.051009,1.585,0.5,0.5
3,6.0,1.0,0.333,0.0,0.667,0,4.434,5.066,0.667,1.0,0.001266,0.051015,1.585,0.5,0.5
2,7.0,1.0,0.5,0.0,0.5,0,4.811,5.066,0.5,1.0,0.001346,0.051013,1.0,0.5,0.5
3,6.0,1.0,0.333,0.333,0.333,0,4.896,5.066,0.667,1.0,0.001496,0.051009,1.585,0.5,0.5
3,6.667,1.0,0.667,0.333,0.0,0,4.171,5.066,0.667,1.0,0.001079,0.05102,1.585,0.5,0.5
2,7.0,1.0,1.0,0.0,0.0,0,4.07,5.066,0.5,1.0,0.000906,0.051023,1.0,0.5,0.5
2,8.5,1.0,0.5,0.5,0.0,0,3.723,4.373,0.5,1.0,0.001444,0.051011,1.0,0.5,0.5
3,7.667,1.0,0.667,0.333,0.0,0,4.171,5.066,0.667,1.0,0.000489,0.051029,1.585,0.5,0.5
3,6.333,1.0,0.333,0.667,0.0,0,4.257,5.066,0.667,1.0,0.000447,0.051029,1.585,0.5,0.5
2,6.0,1.0,0.5,0.5,0.0,0,3.27,5.066,0.5,1.0,0.000779,0.051025,1.0,0.5,0.5
3,5.333,1.0,0.333,0.333,0.0,0,3.773,5.066,0.667,1.0,0.000777,0.051025,1.585,0.5,0.5
3,7.333,1.0,0.333,0.333,0.333,0,3.869,5.066,0.667,1.0,0.000737,0.051026,1.585,0.5,0.5
2,6.0,1.0,0.5,0.5,0.0,0,2.473,3.029,0.5,1.0,-0.000323,0.05103,1.0,0.5,0.5
3,7.333,1.0,0.667,0.333,0.0,0,3.106,4.373,0.333,1.0,-0.000671,0.051027,1.585,1.0,0.0
3,7.0,1.0,0.333,0.333,0.333,0,3.92,5.066,0.667,1.0,0.00061,0.051027,1.585,0.5,0.5
2,4.5,1.0,1.0,0.0,0.0,0,3.145,4.373,0.5,1.0,0.000631,0.051027,1.0,1.0,0.0
3,7.333,1.0,0.333,0.0,0.667,0,4.49,5.472,0.667,1.0,0.000999,0.051021,1.585,0.5,0.5
3,5.667,1.0,0.667,0.333,0.0,0,3.323,4.778,0.333,1.0,0.001095,0.051019,1.585,1.0,0.0
1,5.0,1.0,0.0,1.0,0.0,0,1.916,1.916,0.0,1.0,0.000593,0.051028,0.0,0.5,0.5
3,6.667,1.0,1.0,0.0,0.0,0,2.126,2.797,0.333,1.0,0.000186,0.051031,1.585,0.5,0.5
3,9.0,1.0,0.667,0.333,0.0,0,3.227,4.373,0.667,1.0,-0.000178,0.051031,1.585,0.0,1.0
2,6.5,1.0,1.0,0.0,0.0,0,1.79,1.99,0.5,1.0,0.000324,0.05103,1.0,0.5,0.5
2,7.5,1.0,1.0,0.0,0.0,0,3.145,4.373,0.5,1.0,5.2e-05,0.051031,1.0,0.0,1.0
3,7.333,1.0,0.333,0.667,0.0,0,3.323,4.373,0.667,1.0,0.000666,0.051027,1.585,1.0,0.0
3,6.667,1.0,0.667,0.0,0.333,1,3.078,4.373,0.333,1.0,0.000118,0.051031,1.585,0.5,0.5
2,7.5,1.0,1.0,0.0,0.0,0,3.145,4.373,0.5,1.0,3.5e-05,0.051031,1.0,0.5,0.5
3,7.667,1.0,0.667,0.333,0.0,0,3.323,4.373,0.667,1.0,-7e-06,0.051031,1.585,0.5,0.5
3,9.0,1.0,0.333,0.333,0.333,0,3.179,4.555,0.667,1.0,-0.00015,0.051031,1.585,0.5,0.5
3,8.0,1.0,1.0,0.0,0.0,0,3.214,4.373,0.667,1.0,0.000232,0.051031,1.585,0.5,0.5
3,4.0,1.0,1.0,0.0,0.0,0,2.735,3.457,0.667,1.0,0.000212,0.051031,1.585,0.5,0.5
2,9.5,1.0,1.0,0.0,0.0,0,2.491,3.392,0.5,1.0,0.000759,0.051025,1.0,1.0,0.0
3,8.667,1.0,0.667,0.333,0.0,0,4.604,5.472,0.333,1.0,-5.1e-05,0.051031,1.585,0.5,0.5
3,7.333,1.0,0.667,0.333,0.0,0,3.388,5.472,0.333,1.0,0.000439,0.051029,1.585,0.5,0.5
2,6.0,1.0,0.5,0.5,0.0,0,3.491,5.066,0.5,1.0,0.000727,0.051026,1.0,1.0,0.0
3,3.667,1.0,1.0,0.0,0.0,0,2.33,3.6,0.333,1.0,0.000701,0.051026,1.585,0.0,1.0
3,7.333,1.0,0.667,0.333,0.0,0,2.83,4.555,0.333,1.0,0.001314,0.051014,1.585,0.5,0.5
3,9.0,1.0,0.667,0.333,0.0,0,3.001,5.066,0.333,1.0,0.000596,0.051028,1.585,0.5,0.5
3,7.333,1.0,0.667,0.333,0.0,0,2.568,3.767,0.333,1.0,0.001024,0.051021,1.585,0.5,0.5
3,8.667,1.0,0.667,0.0,0.333,0,3.161,4.373,0.333,1.0,0.00115,0.051018,1.585,0.5,0.5
3,7.333,1.0,0.333,0.333,0.333,0,3.025,4.085,0.667,1.0,0.000831,0.051024,1.585,0.5,0.5
2,5.5,1.0,1.0,0.0,0.0,0,2.495,3.074,0.5,1.0,0.000686,0.051026,1.0,0.5,0.5
3,4.333,1.0,1.0,0.0,0.0,0,2.986,3.968,0.667,1.0,0.000149,0.051031,1.585,0.5,0.5
3,4.333,1.0,0.667,0.333,0.0,0,2.986,3.968,0.667,1.0,-5.5e-05,0.051031,1.585,0.5,0.5
3,4.333,1.0,1.0,0.0,0.0,0,2.986,3.968,0.667,1.0,0.00016,0.051031,1.585,0.5,0.5
2,5.0,1.0,0.5,0.5,0.0,0,3.694,5.472,0.5,1.0,0.000351,0.05103,1.0,0.5,0.5
3,5.333,1.0,0.667,0.333,0.0,0,3.718,5.472,0.667,1.0,0.000297,0.05103,1.585,0.5,0.5
3,7.0,1.0,0.667,0.333,0.0,0,3.018,3.862,0.667,1.0,-8.1e-05,0.051031,1.585,0.5,0.5
1,5.0,1.0,0.0,1.0,0.0,0,1.916,1.916,0.0,1.0,0.000593,0.051028,0.0,0.0,1.0
2,4.5,1.0,1.0,0.0,0.0,0,1.695,1.916,0.5,1.0,0.000619,0.051027,1.0,0.0,1.0
3,5.667,1.0,0.667,0.333,0.0,0,2.424,3.767,0.333,1.0,0.000498,0.051029,1.585,0.0,1.0
3,6.333,1.0,0.667,0.333,0.0,0,3.15,3.767,0.667,1.0,0.000975,0.051022,1.585,0.0,1.0
3,5.333,1.0,0.667,0.0,0.333,1,2.151,2.946,0.333,1.0,0.000516,0.051028,1.585,0.5,0.5
3,6.0,1.0,1.0,0.0,0.0,0,2.143,2.699,0.333,1.0,0.000925,0.051023,1.585,0.5,0.5
3,9.0,1.0,0.667,0.333,0.0,0,3.254,5.472,0.333,1.0,0.000564,0.051028,1.585,0.5,0.5
3,7.667,1.0,0.667,0.333,0.0,0,3.254,5.472,0.333,1.0,0.001116,0.051019,1.585,0.5,0.5
2,7.0,1.0,1.0,0.0,0.0,0,2.145,2.699,0.5,1.0,0.001175,0.051018,1.0,0.0,1.0
3,6.667,0.667,1.0,0.0,0.0,0,1.96,2.699,0.333,1.0,0.000507,0.051029,0.918,0.0,1.0
3,7.333,1.0,0.667,0.0,0.333,0,2.836,4.219,0.333,1.0,0.000873,0.051024,1.585,0.0,1.0
3,7.333,0.667,1.0,0.0,0.0,0,2.329,2.699,0.667,1.0,0.001015,0.051021,0.918,0.0,1.0
3,5.0,0.667,0.333,0.333,0.0,1,2.259,2.946,0.333,1.0,0.000164,0.051031,0.918,0.5,0.5
2,5.0,1.0,0.5,0.0,0.5,1,2.431,2.946,0.5,1.0,0.000788,0.051025,1.0,0.5,0.5
3,6.333,1.0,1.0,0.0,0.0,0,2.543,3.274,0.667,1.0,0.000825,0.051024,1.585,0.0,1.0
2,5.0,1.0,0.0,0.5,0.0,1,2.431,2.946,0.5,1.0,0.000903,0.051023,1.0,0.5,0.5
3,5.0,0.667,0.0,0.333,0.333,2,2.603,2.946,0.667,1.0,0.00055,0.051028,0.918,0.5,0.5
3,8.333,0.667,0.333,0.333,0.333,0,2.191,3.392,0.333,1.0,0.000276,0.05103,0.918,0.0,1.0
2,9.5,1.0,1.0,0.0,0.0,0,2.491,3.392,0.5,1.0,0.000759,0.051025,1.0,0.0,1.0
3,7.0,1.0,1.0,0.0,0.0,0,2.63,3.6,0.667,1.0,0.000492,0.051029,1.585,0.5,0.5
2,9.5,1.0,0.5,0.0,0.5,0,2.491,3.392,0.5,1.0,0.000961,0.051022,1.0,0.0,1.0
3,5.667,1.0,1.0,0.0,0.0,0,2.685,3.767,0.667,1.0,0.000949,0.051022,1.585,0.0,1.0
3,7.0,0.667,1.0,0.0,0.0,0,3.25,4.085,0.333,1.0,-0.000278,0.05103,0.918,0.0,1.0
3,7.333,1.0,1.0,0.0,0.0,0,3.562,4.085,0.667,1.0,-0.000119,0.051031,1.585,0.5,0.5
2,6.0,1.0,1.0,0.0,0.0,0,3.459,4.085,0.5,1.0,0.000146,0.051031,1.0,0.0,1.0
3,7.667,1.0,1.0,0.0,0.0,0,4.139,5.472,0.667,1.0,0.000196,0.051031,1.585,0.5,0.5
3,7.667,1.0,0.667,0.333,0.0,0,3.275,4.373,0.667,1.0,0.000281,0.05103,1.585,1.0,0.0
3,6.667,1.0,0.667,0.333,0.0,0,4.161,5.066,0.333,1.0,0.000383,0.05103,1.585,0.5,0.5
3,6.667,1.0,0.667,0.333,0.0,0,4.161,5.066,0.333,1.0,0.000295,0.05103,1.585,0.5,0.5
3,6.333,1.0,0.667,0.0,0.333,0,4.306,5.066,0.333,1.0,-0.000517,0.051028,1.585,0.5,0.5
3,6.333,1.0,0.667,0.0,0.333,0,4.441,5.472,0.333,1.0,-0.000511,0.051028,1.585,0.5,0.5
3,5.667,1.0,0.667,0.333,0.0,0,3.991,4.555,0.667,1.0,7.8e-05,0.051031,1.585,0.5,0.5
3,6.0,1.0,0.667,0.0,0.333,0,3.813,4.555,0.667,1.0,0.000207,0.051031,1.585,0.5,0.5
3,6.667,1.0,0.667,0.333,0.0,0,3.899,4.778,0.667,1.0,7.3e-05,0.051031,1.585,0.5,0.5
3,5.0,1.0,1.0,0.0,0.0,0,3.175,4.085,0.667,1.0,0.000528,0.051028,1.585,0.5,0.5
2,5.0,1.0,1.0,0.0,0.0,0,3.441,4.085,0.5,1.0,0.000254,0.05103,1.0,0.5,0.5
2,5.5,1.0,1.0,0.0,0.0,0,4.026,4.085,0.5,1.0,0.000958,0.051022,1.0,0.5,0.5
2,7.0,1.0,1.0,0.0,0.0,0,1.968,1.99,0.5,1.0,0.00049,0.051029,1.0,0.5,0.5
3,6.667,1.0,1.0,0.0,0.0,0,2.77,4.373,0.333,1.0,0.000231,0.051031,1.585,0.5,0.5
2,6.0,1.0,0.5,0.0,0.5,0,2.223,2.501,0.5,1.0,0.000411,0.051029,1.0,0.5,0.5
2,8.5,1.0,1.0,0.0,0.0,0,2.487,3.029,0.5,1.0,0.000831,0.051024,1.0,0.5,0.5
3,7.333,1.0,0.667,0.0,0.333,0,2.492,3.029,0.667,1.0,0.000545,0.051028,1.585,0.5,0.5
3,7.333,1.0,0.667,0.0,0.333,0,2.492,3.029,0.667,1.0,0.000545,0.051028,1.585,0.5,0.5
2,6.0,1.0,0.5,0.0,0.5,0,2.223,2.501,0.5,1.0,0.000411,0.051029,1.0,0.0,1.0
3,6.333,1.0,0.667,0.333,0.0,0,3.106,4.373,0.333,1.0,0.000458,0.051029,1.585,1.0,0.0
2,8.5,1.0,1.0,0.0,0.0,0,2.487,3.029,0.5,1.0,0.001005,0.051021,1.0,0.0,1.0
3,7.0,1.0,0.667,0.333,0.0,0,3.116,4.373,0.333,1.0,0.000758,0.051025,1.585,0.5,0.5
3,6.0,1.0,0.667,0.0,0.0,0,3.416,5.472,0.333,1.0,0.000272,0.05103,1.585,0.0,1.0
3,4.333,1.0,1.0,0.0,0.0,0,3.332,4.555,0.667,1.0,0.000862,0.051024,1.585,0.5,0.5
3,6.333,1.0,0.667,0.333,0.0,0,3.185,4.778,0.333,1.0,0.001002,0.051021,1.585,0.5,0.5
2,6.0,1.0,1.0,0.0,0.0,0,2.389,2.833,0.5,1.0,0.000961,0.051022,1.0,0.0,1.0
2,4.5,1.0,1.0,0.0,0.0,0,4.261,4.555,0.5,1.0,0.00104,0.05102,1.0,0.5,0.5
3,4.667,1.0,1.0,0.0,0.0,0,4.156,5.472,0.333,1.0,0.000321,0.05103,1.585,0.5,0.5
2,5.0,1.0,1.0,0.0,0.0,0,3.498,3.968,0.5,1.0,-0.000187,0.051031,1.0,0.0,1.0
1,5.0,1.0,0.0,0.0,1.0,0,2.501,2.501,0.0,1.0,0.000961,0.051022,0.0,0.5,0.5
2,4.0,1.0,0.5,0.5,0.0,0,3.491,5.066,0.5,1.0,0.000703,0.051026,1.0,0.0,1.0
2,3.5,1.0,1.0,0.0,0.0,0,4.72,5.472,0.5,1.0,0.0011,0.051019,1.0,0.5,0.5
3,7.0,1.0,0.333,0.333,0.333,0,3.383,4.373,0.333,1.0,0.000723,0.051026,1.585,0.5,0.5
2,5.0,1.0,1.0,0.0,0.0,0,2.888,3.274,0.5,1.0,0.000422,0.051029,1.0,1.0,0.0
3,7.667,1.0,0.333,0.333,0.333,0,4.633,5.066,0.667,1.0,0.000538,0.051028,1.585,0.5,0.5
3,5.0,1.0,0.667,0.0,0.333,0,2.564,3.274,0.333,1.0,-0.000298,0.05103,1.585,1.0,0.0
2,6.0,1.0,0.5,0.5,0.0,0,2.43,2.869,0.5,1.0,0.001056,0.05102,1.0,1.0,0.0
3,5.0,1.0,0.667,0.0,0.333,0,2.564,3.274,0.333,1.0,-5e-06,0.051031,1.585,0.5,0.5
2,5.0,1.0,1.0,0.0,0.0,0,2.595,3.274,0.5,1.0,0.000657,0.051027,1.0,0.0,1.0
2,5.0,1.0,0.5,0.0,0.5,0,2.209,2.501,0.5,1.0,0.0001,0.051031,1.0,0.5,0.5
3,5.333,1.0,0.667,0.333,0.0,0,2.125,2.869,0.333,1.0,0.000188,0.051031,1.585,1.0,0.0
3,8.667,1.0,0.667,0.0,0.333,0,3.182,3.862,0.667,1.0,7.4e-05,0.051031,1.585,0.5,0.5
3,8.333,1.0,0.667,0.333,0.0,0,2.836,3.526,0.667,1.0,0.000607,0.051027,1.585,0.5,0.5
1,5.0,1.0,0.0,1.0,0.0,0,1.916,1.916,0.0,1.0,0.000593,0.051028,0.0,0.5,0.5
3,7.333,1.0,0.333,0.667,0.0,0,3.872,5.472,0.667,1.0,0.000584,0.051028,1.585,0.5,0.5
2,6.5,1.0,1.0,0.0,0.0,0,2.558,3.526,0.5,1.0,0.000357,0.05103,1.0,0.0,1.0
3,5.667,1.0,1.0,0.0,0.0,0,1.954,2.797,0.333,1.0,0.000646,0.051027,1.585,0.5,0.5
3,4.667,1.0,0.333,0.0,0.333,0,2.699,3.68,0.333,1.0,0.000513,0.051028,1.585,0.5,0.5
3,4.0,1.0,0.0,0.333,0.333,0,3.554,5.066,0.667,1.0,0.000698,0.051026,1.585,0.5,0.5
2,5.0,1.0,0.5,0.0,0.5,0,2.209,2.501,0.5,1.0,0.0001,0.051031,1.0,0.5,0.5
3,6.667,1.0,1.0,0.0,0.0,0,3.812,5.066,0.667,1.0,0.00107,0.05102,1.585,0.5,0.5
1,5.0,1.0,0.0,1.0,0.0,0,1.916,1.916,0.0,1.0,0.000593,0.051028,0.0,0.5,0.5
3,6.333,1.0,0.667,0.0,0.333,0,4.142,5.472,0.333,1.0,0.001238,0.051016,1.585,0.5,0.5
2,5.5,1.0,1.0,0.0,0.0,0,4.373,5.472,0.5,1.0,0.001502,0.051009,1.0,0.5,0.5
3,7.333,1.0,0.667,0.333,0.0,0,3.374,3.68,0.333,1.0,0.001052,0.05102,1.585,0.5,0.5
3,9.333,1.0,0.333,0.333,0.333,0,3.374,3.68,0.333,1.0,0.000614,0.051027,1.585,1.0,0.0
3,6.333,1.0,0.667,0.0,0.333,0,3.937,4.555,0.667,1.0,0.000827,0.051024,1.585,0.5,0.5
3,7.0,1.0,0.333,0.667,0.0,0,4.032,5.066,0.667,1.0,0.000412,0.051029,1.585,0.5,0.5
3,8.333,1.0,1.0,0.0,0.0,0,4.277,5.066,0.333,1.0,0.000479,0.051029,1.585,0.5,0.5
2,5.5,1.0,1.0,0.0,0.0,0,3.883,4.085,0.5,1.0,0.00071,0.051026,1.0,0.5,0.5
3,5.667,1.0,0.667,0.333,0.0,0,4.277,5.066,0.333,1.0,0.000492,0.051029,1.585,0.5,0.5
2,7.0,1.0,1.0,0.0,0.0,0,4.32,4.555,0.5,1.0,0.000719,0.051026,1.0,0.5,0.5
3,9.667,1.0,0.667,0.333,0.0,0,3.75,5.472,0.333,1.0,0.000275,0.05103,1.585,0.5,0.5
3,6.667,1.0,0.333,0.0,0.667,0,3.545,3.68,0.667,1.0,0.00021,0.051031,1.585,0.5,0.5
2,9.0,1.0,1.0,0.0,0.0,0,3.459,4.085,0.5,1.0,-0.000141,0.051031,1.0,0.5,0.5
1,11.0,1.0,0.0,0.0,1.0,0,3.68,3.68,0.0,1.0,0.000256,0.05103,0.0,0.0,1.0
2,8.0,1.0,0.5,0.0,0.5,0,3.477,3.68,0.5,1.0,-7e-05,0.051031,1.0,0.5,0.5
3,7.0,1.0,0.333,0.333,0.333,0,3.614,5.066,0.333,1.0,-0.00022,0.051031,1.585,0.5,0.5
3,8.333,1.0,0.333,0.0,0.667,0,3.98,5.066,0.667,1.0,-0.000452,0.051029,1.585,0.5,0.5
2,8.0,1.0,0.0,0.5,0.5,1,3.784,5.066,0.5,1.0,0.000115,0.051031,1.0,0.5,0.5
3,8.0,1.0,0.0,0.667,0.333,0,4.151,5.472,0.667,1.0,7.5e-05,0.051031,1.585,0.5,0.5
3,8.333,1.0,0.333,0.333,0.333,0,4.238,5.066,0.667,1.0,-0.000338,0.05103,1.585,0.5,0.5
3,7.333,1.0,0.667,0.333,0.0,0,3.676,5.066,0.667,1.0,0.000652,0.051027,1.585,0.0,1.0
3,7.333,1.0,0.667,0.333,0.0,0,3.676,5.066,0.667,1.0,0.000891,0.051023,1.585,0.0,1.0
2,8.0,1.0,1.0,0.0,0.0,0,3.328,5.066,0.5,1.0,0.000624,0.051027,1.0,0.0,1.0
3,5.333,1.0,1.0,0.0,0.0,1,3.929,5.066,0.667,1.0,0.000443,0.051029,1.585,0.5,0.5
3,6.667,1.0,0.667,0.333,0.0,0,3.175,5.066,0.333,1.0,0.000488,0.051029,1.585,0.5,0.5
3,9.0,1.0,0.0,0.667,0.333,0,4.151,5.472,0.667,1.0,-0.000104,0.051031,1.585,0.5,0.5
2,8.0,1.0,0.0,1.0,0.0,0,3.491,5.066,0.5,1.0,-8.3e-05,0.051031,1.0,0.5,0.5
3,7.0,1.0,0.333,0.333,0.333,0,3.161,5.066,0.333,1.0,-0.000337,0.05103,1.585,0.5,0.5
2,11.0,1.0,0.0,0.5,0.5,0,5.269,5.472,0.5,1.0,0.000196,0.051031,1.0,0.5,0.5
3,9.667,1.0,0.333,0.333,0.333,0,5.031,5.472,0.667,1.0,0.000192,0.051031,1.585,0.5,0.5
2,9.5,1.0,0.5,0.5,0.0,0,3.974,4.778,0.5,1.0,0.000985,0.051022,1.0,0.5,0.5
3,8.0,1.0,0.667,0.0,0.333,0,4.168,4.778,0.667,1.0,0.001207,0.051017,1.585,0.5,0.5
3,10.333,0.667,0.667,0.333,0.0,0,3.706,4.778,0.333,1.0,0.000843,0.051024,0.918,0.5,0.5
3,8.333,1.0,1.0,0.0,0.0,0,4.091,4.778,0.667,1.0,0.000498,0.051029,1.585,0.5,0.5
2,9.5,1.0,1.0,0.0,0.0,0,3.974,4.778,0.5,1.0,0.000916,0.051023,1.0,0.5,0.5
2,6.0,1.0,1.0,0.0,0.0,0,4.667,4.778,0.5,1.0,0.001009,0.051021,1.0,0.5,0.5
3,5.667,1.0,0.667,0.333,0.0,0,4.434,4.778,0.667,1.0,0.000438,0.051029,1.585,0.5,0.5
3,5.0,1.0,1.0,0.0,0.0,0,4.704,4.778,0.667,1.0,0.000881,0.051023,1.585,0.5,0.5
2,8.0,1.0,0.5,0.0,0.5,0,3.477,3.68,0.5,1.0,-7e-05,0.051031,1.0,0.0,1.0
3,8.0,1.0,0.667,0.0,0.333,0,4.874,5.066,0.333,1.0,0.00097,0.051022,1.585,0.5,0.5
3,5.667,1.0,1.0,0.0,0.0,0,4.569,4.778,0.333,1.0,0.000883,0.051023,1.585,0.5,0.5
2,6.0,1.0,1.0,0.0,0.0,0,4.667,4.778,0.5,1.0,0.001009,0.051021,1.0,0.5,0.5
3,6.667,1.0,1.0,0.0,0.0,0,4.399,4.778,0.667,1.0,0.000717,0.051026,1.585,0.5,0.5
3,5.667,1.0,0.667,0.0,0.333,0,4.569,4.778,0.333,1.0,0.000734,0.051026,1.585,0.5,0.5
3,7.667,1.0,1.0,0.0,0.0,0,4.8,5.066,0.333,1.0,0.000532,0.051028,1.585,0.5,0.5
3,5.667,1.0,0.667,0.333,0.0,0,3.869,5.066,0.667,1.0,-7.6e-05,0.051031,1.585,0.5,0.5
2,5.5,1.0,1.0,0.0,0.0,0,3.27,5.066,0.5,1.0,0.000406,0.051029,1.0,0.5,0.5
3,5.0,0.667,1.0,0.0,0.0,0,2.671,5.066,0.333,1.0,3.4e-05,0.051031,0.918,0.5,0.5
3,5.0,1.0,1.0,0.0,0.0,0,3.586,5.066,0.667,1.0,0.000698,0.051026,1.585,0.5,0.5
3,6.0,1.0,1.0,0.0,0.0,0,3.698,5.066,0.667,1.0,2.1e-05,0.051031,1.585,0.5,0.5
3,5.333,1.0,0.667,0.333,0.0,0,2.819,5.066,0.333,1.0,2.7e-05,0.051031,1.585,0.5,0.5
2,6.0,1.0,0.0,0.5,0.5,0,3.491,5.066,0.5,1.0,0.000123,0.051031,1.0,0.5,0.5
3,6.0,1.0,1.0,0.0,0.0,0,3.352,5.066,0.333,1.0,0.000369,0.05103,1.585,0.5,0.5
3,7.0,1.0,0.667,0.333,0.0,0,4.004,5.472,0.667,1.0,0.000427,0.051029,1.585,0.5,0.5
1,5.0,1.0,0.0,1.0,0.0,0,1.916,1.916,0.0,1.0,0.000593,0.051028,0.0,0.5,0.5
3,8.0,1.0,0.667,0.0,0.333,0,3.945,4.778,0.667,1.0,0.001488,0.051009,1.585,0.5,0.5
3,6.0,1.0,0.667,0.0,0.333,0,3.758,4.555,0.667,1.0,0.001018,0.051021,1.585,0.5,0.5
3,7.0,1.0,0.667,0.0,0.333,0,3.833,4.778,0.667,1.0,0.001295,0.051015,1.585,0.5,0.5
3,7.0,1.0,0.667,0.0,0.333,0,3.871,4.555,0.667,1.0,0.000783,0.051025,1.585,0.5,0.5
3,7.333,1.0,0.333,0.0,0.667,0,3.675,4.555,0.667,1.0,0.000563,0.051028,1.585,0.5,0.5
3,6.0,1.0,0.667,0.333,0.0,0,3.005,4.085,0.667,1.0,0.001546,0.051008,1.585,0.0,1.0
3,6.0,1.0,0.667,0.333,0.0,0,3.005,4.085,0.667,1.0,0.001379,0.051012,1.585,0.0,1.0
3,6.0,1.0,0.667,0.333,0.0,0,3.005,4.085,0.667,1.0,0.001436,0.051011,1.585,0.0,1.0
3,6.667,1.0,1.0,0.0,0.0,0,2.899,3.767,0.667,1.0,0.00138,0.051012,1.585,0.0,1.0
3,6.333,1.0,0.333,0.667,0.0,0,2.492,4.085,0.333,1.0,0.000526,0.051028,1.585,1.0,0.0
3,6.667,1.0,1.0,0.0,0.0,0,2.899,3.767,0.667,1.0,0.001223,0.051016,1.585,0.5,0.5
3,6.333,1.0,0.667,0.333,0.0,0,3.403,4.085,0.667,1.0,0.001546,0.051008,1.585,0.0,1.0
3,6.333,1.0,0.667,0.333,0.0,0,3.677,4.778,0.667,1.0,0.001293,0.051015,1.585,0.5,0.5
3,7.333,1.0,1.0,0.0,0.0,0,4.107,4.778,0.333,1.0,0.001625,0.051005,1.585,0.5,0.5
3,5.667,1.0,0.667,0.333,0.0,0,3.889,4.778,0.667,1.0,0.00136,0.051013,1.585,0.5,0.5
3,5.333,1.0,0.667,0.0,0.333,0,3.908,5.472,0.667,1.0,0.000956,0.051022,1.585,0.5,0.5
2,6.0,1.0,0.5,0.0,0.5,0,5.125,5.472,0.5,1.0,0.000769,0.051025,1.0,0.5,0.5
3,6.333,1.0,0.333,0.667,0.0,0,3.368,4.219,0.667,1.0,0.000541,0.051028,1.585,0.5,0.5
3,6.333,1.0,0.667,0.333,0.0,0,3.677,4.778,0.667,1.0,0.001293,0.051015,1.585,0.5,0.5
2,6.5,1.0,0.5,0.5,0.0,0,3.068,4.219,0.5,1.0,0.000724,0.051026,1.0,1.0,0.0
3,7.333,1.0,0.333,0.333,0.333,0,3.416,4.555,0.667,1.0,0.000798,0.051025,1.585,0.0,1.0
2,5.0,1.0,0.5,0.5,0.0,0,3.014,4.555,0.5,1.0,0.00089,0.051023,1.0,0.0,1.0
2,5.0,1.0,0.5,0.5,0.0,0,3.014,4.555,0.5,1.0,0.000848,0.051024,1.0,0.0,1.0
3,5.333,0.667,0.333,0.667,0.0,0,3.528,4.555,0.667,1.0,0.00044,0.051029,0.918,0.0,1.0
3,6.667,1.0,0.667,0.333,0.0,0,3.528,4.555,0.667,1.0,0.000719,0.051026,1.585,0.5,0.5
3,5.0,1.0,0.333,0.333,0.333,0,2.843,4.555,0.333,1.0,0.000608,0.051027,1.585,0.5,0.5
3,5.667,1.0,0.667,0.333,0.0,0,3.101,4.555,0.667,1.0,0.000418,0.051029,1.585,0.5,0.5
3,7.333,1.0,1.0,0.0,0.0,0,5.336,5.472,0.667,1.0,0.00158,0.051007,1.585,0.5,0.5
2,5.0,1.0,0.5,0.5,0.0,0,3.014,4.555,0.5,1.0,0.00089,0.051023,1.0,0.0,1.0
3,6.667,1.0,0.667,0.333,0.0,0,3.528,4.555,0.667,1.0,0.000719,0.051026,1.585,0.5,0.5
3,8.0,1.0,1.0,0.0,0.0,0,2.809,3.68,0.667,1.0,0.000285,0.05103,1.585,0.0,1.0
2,8.5,1.0,1.0,0.0,0.0,0,2.577,3.68,0.5,1.0,0.000999,0.051021,1.0,0.0,1.0
3,7.333,1.0,0.667,0.333,0.0,0,3.94,4.778,0.667,1.0,0.000736,0.051026,1.585,0.5,0.5
3,9.0,1.0,0.667,0.0,0.333,0,2.893,3.68,0.667,1.0,0.000424,0.051029,1.585,0.0,1.0
3,9.333,1.0,0.333,0.333,0.333,0,3.475,3.68,0.667,1.0,0.000641,0.051027,1.585,0.0,1.0
3,9.333,1.0,0.667,0.333,0.0,0,4.726,5.066,0.333,1.0,0.00154,0.051008,1.585,0.5,0.5
3,8.0,1.0,0.333,0.333,0.333,0,4.665,5.066,0.333,1.0,0.001633,0.051005,1.585,0.5,0.5
2,6.5,1.0,0.5,0.0,0.5,0,4.464,4.555,0.5,1.0,0.001548,0.051008,1.0,0.5,0.5
3,6.0,1.0,0.333,0.333,0.333,0,4.569,4.778,0.333,1.0,0.001222,0.051016,1.585,0.5,0.5
3,9.667,1.0,1.0,0.0,0.0,0,2.568,3.767,0.333,1.0,0.00038,0.05103,1.585,0.5,0.5
3,7.0,0.667,1.0,0.0,0.0,0,1.975,1.99,0.667,1.0,0.000208,0.051031,0.918,0.5,0.5
2,7.0,1.0,1.0,0.0,0.0,0,1.968,1.99,0.5,1.0,0.00049,0.051029,1.0,0.5,0.5
2,7.0,1.0,1.0,0.0,0.0,0,1.968,1.99,0.5,1.0,0.000714,0.051026,1.0,0.5,0.5
3,7.0,0.667,1.0,0.0,0.0,0,1.96,1.99,0.333,1.0,0.000633,0.051027,0.918,0.5,0.5
3,7.333,1.0,1.0,0.0,0.0,0,2.512,3.6,0.333,1.0,0.000927,0.051023,1.585,0.5,0.5
2,7.5,1.0,1.0,0.0,0.0,0,2.879,3.767,0.5,1.0,0.000617,0.051027,1.0,0.5,0.5
3,7.0,1.0,1.0,0.0,0.0,0,3.206,3.862,0.667,1.0,0.000973,0.051022,1.585,0.5,0.5
3,7.333,1.0,1.0,0.0,0.0,0,2.568,3.767,0.333,1.0,0.0006,0.051028,1.585,0.5,0.5
3,7.333,1.0,0.667,0.0,0.333,0,3.136,5.472,0.333,1.0,0.000566,0.051028,1.585,0.5,0.5
3,5.667,1.0,0.667,0.0,0.333,0,3.146,4.778,0.333,1.0,0.00128,0.051015,1.585,0.5,0.5
2,6.0,1.0,1.0,0.0,0.0,0,2.329,2.668,0.5,1.0,0.000699,0.051026,1.0,0.5,0.5
2,7.0,1.0,1.0,0.0,0.0,0,1.968,1.99,0.5,1.0,0.00049,0.051029,1.0,0.5,0.5
3,8.667,1.0,0.667,0.333,0.0,0,3.082,3.862,0.667,1.0,0.000569,0.051028,1.585,0.5,0.5
2,7.0,1.0,0.5,0.5,0.0,0,2.926,3.862,0.5,1.0,0.000526,0.051028,1.0,0.5,0.5
3,7.667,1.0,1.0,0.0,0.0,0,2.285,3.392,0.333,1.0,0.00039,0.05103,1.585,0.5,0.5
3,8.333,1.0,0.667,0.333,0.0,0,2.634,3.968,0.333,1.0,0.000512,0.051028,1.585,0.0,1.0
3,9.333,1.0,1.0,0.0,0.0,0,2.674,4.085,0.333,1.0,0.000736,0.051026,1.585,0.5,0.5
3,8.333,1.0,0.667,0.333,0.0,0,2.634,3.968,0.333,1.0,0.000632,0.051027,1.585,0.0,1.0
3,8.667,1.0,0.667,0.333,0.0,0,3.2,4.085,0.667,1.0,0.000707,0.051026,1.585,0.5,0.5
2,9.0,1.0,0.5,0.5,0.0,0,2.979,3.968,0.5,1.0,0.000686,0.051026,1.0,0.0,1.0
3,9.667,1.0,0.333,0.333,0.333,0,3.968,4.219,0.667,1.0,0.00077,0.051025,1.585,0.5,0.5
3,8.667,1.0,1.0,0.0,0.0,0,3.544,4.085,0.667,1.0,0.000388,0.05103,1.585,0.5,0.5
2,9.5,1.0,1.0,0.0,0.0,0,3.516,4.085,0.5,1.0,-3e-06,0.051031,1.0,0.5,0.5
1,14.0,1.0,1.0,0.0,0.0,0,4.085,4.085,0.0,1.0,0.000321,0.05103,0.0,0.5,0.5
3,9.0,1.0,1.0,0.0,0.0,0,3.474,4.085,0.333,1.0,-0.000411,0.051029,1.585,0.5,0.5
3,8.0,1.0,1.0,0.0,0.0,0,4.778,5.472,0.667,1.0,0.000738,0.051026,1.585,0.5,0.5
3,10.0,1.0,1.0,0.0,0.0,1,4.226,4.373,0.333,1.0,0.000874,0.051024,1.585,0.5,0.5
1,6.0,1.0,1.0,0.0,0.0,0,5.472,5.472,0.0,1.0,0.001809,0.050999,0.0,0.5,0.5
3,10.333,1.0,0.667,0.333,0.0,0,4.97,5.472,0.667,1.0,0.000739,0.051026,1.585,0.5,0.5
3,9.667,1.0,1.0,0.0,0.0,0,3.801,4.373,0.667,1.0,0.000358,0.05103,1.585,0.0,1.0
3,6.333,1.0,0.333,0.333,0.333,0,2.74,3.526,0.667,1.0,0.000887,0.051023,1.585,0.0,1.0
3,6.333,1.0,0.333,0.333,0.333,0,2.74,3.526,0.667,1.0,0.000857,0.051024,1.585,0.0,1.0
3,6.333,1.0,0.333,0.333,0.333,1,2.74,3.526,0.667,1.0,0.000889,0.051023,1.585,0.0,1.0
3,6.333,1.0,0.333,0.0,0.667,0,2.5,3.526,0.667,1.0,0.00022,0.051031,1.585,0.5,0.5
2,7.0,1.0,0.5,0.0,0.5,0,2.5,3.526,0.5,1.0,0.001175,0.051018,1.0,0.0,1.0
3,6.667,1.0,0.333,0.333,0.333,0,3.138,3.526,0.667,1.0,0.000909,0.051023,1.585,0.0,1.0
3,6.0,1.0,0.667,0.0,0.333,0,3.889,5.472,0.333,1.0,0.000938,0.051022,1.585,0.5,0.5
3,6.667,1.0,1.0,0.0,0.0,1,4.176,5.472,0.667,1.0,0.001375,0.051013,1.585,0.5,0.5
2,7.5,1.0,0.5,0.0,0.5,0,3.097,3.526,0.5,1.0,0.001161,0.051018,1.0,0.0,1.0
2,7.5,1.0,0.5,0.0,0.5,0,3.528,4.555,0.5,1.0,0.000963,0.051022,1.0,1.0,0.0
3,9.0,1.0,1.0,0.0,0.0,0,2.981,4.555,0.333,1.0,0.000594,0.051028,1.585,0.0,1.0
3,6.333,1.0,0.667,0.333,0.0,0,3.254,5.472,0.333,1.0,0.000558,0.051028,1.585,0.5,0.5
3,9.0,1.0,0.667,0.0,0.333,0,3.147,4.085,0.667,1.0,0.001154,0.051018,1.585,0.5,0.5
3,6.667,1.0,0.667,0.333,0.0,0,2.685,3.767,0.667,1.0,0.000935,0.051022,1.585,0.5,0.5
3,5.667,1.0,1.0,0.0,0.0,0,2.362,2.797,0.667,1.0,0.000807,0.051025,1.585,0.0,1.0
3,6.667,1.0,0.667,0.333,0.0,0,2.882,5.066,0.333,1.0,5e-06,0.051031,1.585,0.5,0.5
3,6.0,1.0,0.667,0.333,0.0,0,2.516,3.968,0.333,1.0,0.000191,0.051031,1.585,0.5,0.5
3,6.0,1.0,1.0,0.0,0.0,0,2.882,5.066,0.333,1.0,-6.9e-05,0.051031,1.585,0.5,0.5
3,6.333,1.0,0.667,0.0,0.333,1,3.625,5.066,0.667,1.0,0.000645,0.051027,1.585,0.5,0.5
3,6.0,1.0,1.0,0.0,0.0,0,2.083,2.668,0.333,1.0,0.00033,0.05103,1.585,1.0,0.0
3,7.0,1.0,1.0,0.0,0.0,0,2.093,2.699,0.333,1.0,0.000847,0.051024,1.585,0.0,1.0
2,7.0,1.0,1.0,0.0,0.0,0,2.145,2.699,0.5,1.0,0.001175,0.051018,1.0,0.5,0.5
3,7.0,1.0,0.667,0.333,0.0,0,2.55,3.074,0.667,1.0,0.001009,0.051021,1.585,0.5,0.5
3,6.333,1.0,0.333,0.667,0.0,0,3.118,4.778,0.333,1.0,0.00085,0.051024,1.585,0.5,0.5
3,5.0,1.0,0.667,0.333,0.0,0,2.356,2.869,0.667,1.0,0.001069,0.05102,1.585,0.0,1.0
3,6.333,1.0,1.0,0.0,0.0,1,2.6,4.219,0.333,1.0,0.000183,0.051031,1.585,0.5,0.5
3,6.667,1.0,0.667,0.333,0.0,1,3.758,5.066,0.667,1.0,0.000396,0.051029,1.585,0.5,0.5
3,6.333,0.667,1.0,0.0,0.0,1,3.476,4.219,0.667,1.0,-0.000202,0.051031,0.918,0.5,0.5
2,6.5,1.0,1.0,0.0,0.0,1,3.105,4.219,0.5,1.0,0.000308,0.05103,1.0,0.5,0.5
2,6.5,1.0,1.0,0.0,0.0,1,3.105,4.219,0.5,1.0,0.000356,0.05103,1.0,0.5,0.5
3,5.667,0.667,0.667,0.333,0.0,0,4.508,4.778,0.333,1.0,0.000818,0.051024,0.918,0.5,0.5
2,6.0,1.0,0.0,0.5,0.5,0,3.723,4.373,0.5,1.0,0.000585,0.051028,1.0,0.5,0.5
2,6.0,1.0,0.5,0.5,0.0,0,4.576,4.778,0.5,1.0,0.000899,0.051023,1.0,0.5,0.5
3,6.0,1.0,0.333,0.0,0.667,0,4.107,4.555,0.667,1.0,0.001238,0.051016,1.585,0.5,0.5
2,5.0,0.5,0.5,0.0,0.0,0,4.373,4.373,0.0,1.0,0.001365,0.051013,0.0,0.5,0.5
3,5.667,1.0,0.667,0.333,0.0,0,3.362,4.778,0.667,1.0,0.000388,0.05103,1.585,0.0,1.0
3,4.0,1.0,0.333,0.667,0.0,0,3.458,5.066,0.333,1.0,0.000458,0.051029,1.585,0.0,1.0
2,4.5,1.0,0.5,0.5,0.0,0,2.654,3.392,0.5,1.0,0.000689,0.051026,1.0,0.5,0.5
1,5.0,1.0,0.0,1.0,0.0,0,1.916,1.916,0.0,1.0,0.000593,0.051028,0.0,0.5,0.5
2,4.0,1.0,0.5,0.5,0.0,0,3.491,5.066,0.5,1.0,0.000406,0.051029,1.0,0.0,1.0
3,8.333,1.0,0.333,0.333,0.333,0,4.482,5.472,0.333,1.0,0.00119,0.051017,1.585,0.5,0.5
3,8.333,1.0,0.0,0.333,0.667,0,4.482,5.472,0.333,1.0,0.001052,0.05102,1.585,0.5,0.5
2,8.0,1.0,0.0,0.5,0.5,0,4.922,5.472,0.5,1.0,0.001383,0.051012,1.0,0.5,0.5
3,6.333,1.0,0.667,0.333,0.0,0,4.823,5.472,0.333,1.0,0.001232,0.051016,1.585,0.5,0.5
2,7.0,1.0,0.5,0.0,0.5,0,3.986,4.373,0.5,1.0,0.001196,0.051017,1.0,0.5,0.5
3,10.0,1.0,0.667,0.333,0.0,0,4.665,5.472,0.333,1.0,0.001686,0.051003,1.585,0.5,0.5
3,6.0,1.0,0.333,0.333,0.0,0,4.848,5.472,0.667,1.0,0.001326,0.051014,1.585,0.5,0.5
3,10.0,1.0,0.333,0.333,0.333,0,5.472,5.472,0.0,1.0,0.00091,0.051023,1.585,0.5,0.5
3,7.333,1.0,0.333,0.0,0.333,0,4.848,5.472,0.667,1.0,0.00135,0.051013,1.585,0.5,0.5
2,6.0,1.0,0.0,1.0,0.0,0,4.536,5.472,0.5,1.0,0.001249,0.051016,1.0,0.5,0.5
3,8.0,1.0,0.667,0.0,0.0,0,3.583,4.373,0.667,1.0,0.000753,0.051025,1.585,0.5,0.5
3,8.0,1.0,0.667,0.0,0.333,0,3.689,5.472,0.333,1.0,0.000429,0.051029,1.585,1.0,0.0
2,10.0,1.0,0.5,0.5,0.0,0,4.07,4.373,0.5,1.0,0.000678,0.051027,1.0,0.0,1.0
2,4.5,1.0,0.5,0.0,0.5,0,3.491,4.373,0.5,1.0,0.001519,0.051008,1.0,0.0,1.0
2,6.0,1.0,0.5,0.5,0.0,0,3.145,4.373,0.5,1.0,5.7e-05,0.051031,1.0,1.0,0.0
3,4.0,1.0,0.667,0.333,0.0,0,3.615,5.066,0.667,1.0,0.000814,0.051025,1.585,0.5,0.5
3,5.667,1.0,1.0,0.0,0.0,0,2.575,3.862,0.333,1.0,0.000205,0.051031,1.585,0.0,1.0
2,5.0,1.0,0.5,0.5,0.0,0,2.889,3.862,0.5,1.0,0.0007,0.051026,1.0,0.0,1.0
3,7.667,1.0,0.667,0.333,0.0,0,2.794,3.392,0.667,1.0,0.000184,0.051031,1.585,0.0,1.0
2,3.5,1.0,0.5,0.0,0.0,0,3.491,5.066,0.5,1.0,0.000743,0.051026,1.0,0.5,0.5
3,6.0,1.0,1.0,0.0,0.0,0,2.083,2.668,0.333,1.0,0.000492,0.051029,1.585,0.0,1.0
3,5.0,1.0,0.667,0.0,0.0,1,2.304,3.332,0.333,1.0,0.000435,0.051029,1.585,0.0,1.0
2,6.5,1.0,1.0,0.0,0.0,0,1.79,1.99,0.5,1.0,0.000324,0.05103,1.0,0.0,1.0
3,5.0,1.0,0.667,0.0,0.0,1,3.017,5.472,0.333,1.0,0.000428,0.051029,1.585,0.0,1.0
2,6.0,1.0,1.0,0.0,0.0,0,2.329,2.668,0.5,1.0,0.000699,0.051026,1.0,0.0,1.0
3,4.667,1.0,0.333,0.333,0.0,1,3.593,4.778,0.667,1.0,-0.000131,0.051031,1.585,0.5,0.5
3,6.667,1.0,0.667,0.0,0.333,0,3.458,4.373,0.667,1.0,-0.000694,0.051026,1.585,0.5,0.5
3,4.667,1.0,0.667,0.333,0.0,1,3.593,4.778,0.667,1.0,-0.000176,0.051031,1.585,0.5,0.5
3,4.667,1.0,0.333,0.333,0.0,0,3.593,4.778,0.667,1.0,-0.00028,0.05103,1.585,0.5,0.5
2,5.5,1.0,0.5,0.5,0.0,0,3.001,4.085,0.5,1.0,-0.000473,0.051029,1.0,0.5,0.5
3,5.333,1.0,0.667,0.333,0.0,0,2.89,4.085,0.333,1.0,-0.00045,0.051029,1.585,0.5,0.5
3,5.0,1.0,0.333,0.667,0.0,0,3.131,4.085,0.667,1.0,-0.000423,0.051029,1.585,0.5,0.5
3,6.0,1.0,0.333,0.333,0.333,0,2.703,3.526,0.333,1.0,0.000278,0.05103,1.585,0.5,0.5
2,6.0,1.0,1.0,0.0,0.0,0,2.842,3.767,0.5,1.0,0.000715,0.051026,1.0,0.5,0.5
3,6.333,1.0,0.667,0.0,0.333,0,2.536,4.219,0.333,1.0,0.000388,0.05103,1.585,0.5,0.5
3,5.333,1.0,0.667,0.0,0.0,1,4.21,4.778,0.333,1.0,0.000202,0.051031,1.585,0.5,0.5
2,6.5,1.0,1.0,0.0,0.0,0,3.926,4.085,0.5,1.0,0.000146,0.051031,1.0,0.5,0.5
3,6.0,1.0,0.667,0.333,0.0,0,3.256,4.085,0.667,1.0,-0.000391,0.05103,1.585,0.5,0.5
2,5.5,1.0,1.0,0.0,0.0,0,2.62,3.767,0.5,1.0,0.001199,0.051017,1.0,0.5,0.5
3,6.0,0.667,0.667,0.333,0.0,0,3.002,3.767,0.667,1.0,0.00089,0.051023,0.918,0.5,0.5
3,6.333,1.0,0.667,0.333,0.0,0,3.519,4.555,0.667,1.0,-0.000401,0.051029,1.585,0.5,0.5
2,6.5,1.0,0.5,0.5,0.0,0,3.236,4.555,0.5,1.0,0.000332,0.05103,1.0,0.5,0.5
3,8.0,1.0,0.333,0.667,0.0,0,3.981,5.472,0.667,1.0,0.001175,0.051018,1.585,0.5,0.5
2,6.5,1.0,0.5,0.5,0.0,0,4.32,4.555,0.5,1.0,0.000461,0.051029,1.0,0.5,0.5
3,6.0,1.0,0.667,0.333,0.0,0,3.519,4.555,0.667,1.0,-9.7e-05,0.051031,1.585,0.5,0.5
3,6.333,1.0,1.0,0.0,0.0,0,3.564,4.555,0.667,1.0,0.000455,0.051029,1.585,0.5,0.5
2,5.0,1.0,1.0,0.0,0.0,0,3.236,4.555,0.5,1.0,0.000657,0.051027,1.0,0.5,0.5
3,5.333,1.0,0.667,0.333,0.0,0,3.676,4.555,0.667,1.0,0.000743,0.051026,1.585,0.5,0.5
3,7.333,1.0,0.667,0.333,0.0,0,2.951,3.862,0.667,1.0,0.000125,0.051031,1.585,0.5,0.5
3,8.333,1.0,0.667,0.333,0.0,0,3.384,4.373,0.667,1.0,0.000447,0.051029,1.585,0.5,0.5
3,6.0,1.0,0.333,0.667,0.0,0,4.97,5.472,0.667,1.0,0.001356,0.051013,1.585,0.5,0.5
3,5.0,1.0,0.667,0.333,0.0,0,4.739,5.066,0.667,1.0,0.001614,0.051005,1.585,0.5,0.5
3,8.0,1.0,0.333,0.667,0.0,0,4.604,5.066,0.667,1.0,0.000713,0.051026,1.585,0.5,0.5
3,5.667,1.0,0.667,0.333,0.0,0,4.97,5.472,0.667,1.0,0.001796,0.050999,1.585,0.5,0.5
2,6.5,1.0,1.0,0.0,0.0,0,5.269,5.472,0.5,1.0,0.001718,0.051002,1.0,0.5,0.5
3,4.667,1.0,1.0,0.0,0.0,0,4.361,4.778,0.333,1.0,0.001421,0.051011,1.585,0.5,0.5
3,5.333,1.0,0.667,0.333,0.0,0,4.688,5.066,0.667,1.0,0.00206,0.050989,1.585,0.5,0.5
3,5.333,1.0,0.667,0.333,0.0,0,4.171,5.066,0.667,1.0,0.00252,0.050969,1.585,0.5,0.5
3,5.333,1.0,0.333,0.333,0.0,0,4.97,5.066,0.667,1.0,0.001748,0.051001,1.585,0.5,0.5
2,8.0,1.0,1.0,0.0,0.0,0,4.922,5.472,0.5,1.0,0.00099,0.051021,1.0,0.5,0.5
3,6.333,1.0,1.0,0.0,0.0,0,4.168,4.778,0.333,1.0,0.000951,0.051022,1.585,0.5,0.5
2,4.5,1.0,1.0,0.0,0.0,0,4.778,4.778,0.0,1.0,0.001492,0.051009,1.0,0.5,0.5
3,6.333,1.0,1.0,0.0,0.0,0,4.473,4.778,0.667,1.0,0.001328,0.051014,1.585,0.5,0.5
3,5.0,0.667,1.0,0.0,0.0,0,4.778,4.778,0.0,1.0,0.001132,0.051018,0.918,0.5,0.5
3,4.0,0.667,1.0,0.0,0.0,0,4.778,4.778,0.0,1.0,0.000637,0.051027,0.918,0.5,0.5
3,6.0,1.0,0.667,0.333,0.0,0,4.97,5.066,0.667,1.0,0.001424,0.051011,1.585,0.5,0.5
3,5.333,1.0,1.0,0.0,0.0,0,3.932,4.778,0.667,1.0,0.001359,0.051013,1.585,0.5,0.5
3,4.667,1.0,1.0,0.0,0.0,0,3.889,4.778,0.667,1.0,0.001666,0.051004,1.585,0.5,0.5
3,6.0,1.0,0.667,0.333,0.0,0,4.688,5.066,0.667,1.0,0.000948,0.051022,1.585,0.5,0.5
2,6.5,1.0,0.5,0.5,0.0,0,5.066,5.066,0.0,1.0,0.001578,0.051007,1.0,0.5,0.5
3,7.667,1.0,1.0,0.0,0.0,0,3.706,4.555,0.667,1.0,0.001512,0.051009,1.585,0.5,0.5
3,7.0,0.667,1.0,0.0,0.0,0,3.318,4.555,0.333,1.0,0.000881,0.051023,0.918,0.5,0.5
3,6.667,1.0,1.0,0.0,0.0,0,3.351,4.555,0.333,1.0,0.001209,0.051017,1.585,0.5,0.5
3,6.667,1.0,1.0,0.0,0.0,0,3.351,4.555,0.333,1.0,0.00099,0.051021,1.585,0.5,0.5
2,6.5,1.0,1.0,0.0,0.0,0,3.627,4.555,0.5,1.0,0.001102,0.051019,1.0,0.5,0.5
2,7.0,1.0,0.5,0.5,0.0,0,4.373,4.373,0.0,1.0,0.000704,0.051026,1.0,0.0,1.0
3,6.0,1.0,0.333,0.667,0.0,0,4.046,4.373,0.667,1.0,0.000353,0.05103,1.585,0.0,1.0
3,8.0,1.0,1.0,0.0,0.0,0,4.739,5.472,0.333,1.0,0.000992,0.051021,1.585,0.5,0.5
1,4.0,1.0,0.0,1.0,0.0,0,5.472,5.472,0.0,1.0,0.001448,0.05101,0.0,0.5,0.5
2,6.5,1.0,0.5,0.5,0.0,0,4.922,5.472,0.5,1.0,6.4e-05,0.051031,1.0,0.5,0.5
3,6.0,1.0,0.667,0.333,0.0,0,4.835,5.066,0.667,1.0,0.000992,0.051021,1.585,0.5,0.5
3,9.0,1.0,0.333,0.333,0.0,0,4.604,5.066,0.333,1.0,0.001368,0.051013,1.585,0.5,0.5
3,3.667,1.0,0.667,0.333,0.0,0,4.665,5.066,0.333,1.0,0.000646,0.051027,1.585,0.5,0.5
2,4.0,1.0,1.0,0.0,0.0,0,4.417,5.066,0.5,1.0,0.001318,0.051014,1.0,0.5,0.5
2,5.0,1.0,1.0,0.0,0.0,0,4.72,5.066,0.5,1.0,0.00096,0.051022,1.0,0.5,0.5
3,8.667,1.0,0.667,0.333,0.0,0,4.784,5.066,0.667,1.0,0.001467,0.05101,1.585,0.5,0.5
3,6.667,1.0,0.667,0.333,0.0,0,4.495,5.472,0.667,1.0,0.001211,0.051017,1.585,0.5,0.5
3,6.0,1.0,1.0,0.0,0.0,0,4.359,5.066,0.667,1.0,0.001261,0.051015,1.585,0.5,0.5
3,8.333,1.0,0.667,0.333,0.0,0,4.665,5.472,0.667,1.0,0.000864,0.051024,1.585,0.5,0.5
3,6.667,1.0,0.667,0.333,0.0,0,4.004,5.472,0.667,1.0,0.001391,0.051012,1.585,0.5,0.5
2,9.0,1.0,1.0,0.0,0.0,0,4.432,4.778,0.5,1.0,0.001092,0.051019,1.0,0.5,0.5
3,7.333,0.667,1.0,0.0,0.0,0,4.547,4.778,0.667,1.0,0.000408,0.051029,0.918,0.5,0.5
3,8.0,1.0,1.0,0.0,0.0,0,4.13,4.778,0.333,1.0,0.001553,0.051007,1.585,0.5,0.5
3,5.0,1.0,0.667,0.0,0.333,0,4.8,5.066,0.333,1.0,0.000978,0.051022,1.585,0.5,0.5
3,4.333,1.0,1.0,0.0,0.0,0,5.105,5.472,0.333,1.0,0.001223,0.051016,1.585,0.5,0.5
3,9.667,1.0,0.667,0.333,0.0,1,4.287,5.472,0.333,1.0,6.7e-05,0.051031,1.585,0.5,0.5
3,10.333,1.0,1.0,0.0,0.0,1,4.242,5.472,0.333,1.0,0.000454,0.051029,1.585,0.5,0.5
3,8.0,1.0,1.0,0.0,0.0,0,4.553,5.066,0.667,1.0,0.000778,0.051025,1.585,0.5,0.5
3,10.0,1.0,1.0,0.0,0.0,0,5.201,5.472,0.333,1.0,0.000254,0.05103,1.585,0.5,0.5
2,6.5,1.0,1.0,0.0,0.0,0,4.296,5.066,0.5,1.0,0.001279,0.051015,1.0,0.5,0.5
3,7.333,1.0,1.0,0.0,0.0,0,2.791,4.085,0.333,1.0,0.001426,0.051011,1.585,1.0,0.0
3,9.0,1.0,0.667,0.333,0.0,0,3.214,4.085,0.667,1.0,0.00077,0.051025,1.585,1.0,0.0
2,7.0,1.0,1.0,0.0,0.0,0,2.838,4.085,0.5,1.0,0.001369,0.051013,1.0,0.5,0.5
3,6.333,1.0,1.0,0.0,0.0,0,3.254,5.472,0.333,1.0,0.000676,0.051027,1.585,0.5,0.5
1,8.0,1.0,1.0,0.0,0.0,0,4.085,4.085,0.0,1.0,0.000981,0.051022,0.0,0.5,0.5
3,7.0,1.0,1.0,0.0,0.0,1,4.592,4.778,0.667,1.0,0.001044,0.05102,1.585,0.5,0.5
3,6.0,1.0,1.0,0.0,0.0,1,4.039,4.778,0.667,1.0,0.00134,0.051013,1.585,0.5,0.5
3,5.0,1.0,1.0,0.0,0.0,0,3.955,4.778,0.667,1.0,0.001171,0.051018,1.585,0.5,0.5
3,6.667,1.0,1.0,0.0,0.0,1,4.322,4.778,0.333,1.0,0.000972,0.051022,1.585,0.5,0.5
2,5.0,1.0,1.0,0.0,0.0,1,4.499,4.778,0.5,1.0,0.001386,0.051012,1.0,0.5,0.5
3,6.0,1.0,1.0,0.0,0.0,0,4.203,4.555,0.333,1.0,0.000808,0.051025,1.585,0.5,0.5
2,6.5,1.0,1.0,0.0,0.0,0,4.261,4.555,0.5,1.0,0.00076,0.051025,1.0,0.0,1.0
3,8.667,1.0,1.0,0.0,0.0,0,4.569,4.778,0.333,1.0,0.000661,0.051027,1.585,0.5,0.5
3,8.0,1.0,1.0,0.0,0.0,0,4.53,5.066,0.667,1.0,0.000302,0.05103,1.585,0.5,0.5
3,7.667,1.0,0.667,0.0,0.0,0,4.896,5.066,0.667,1.0,0.000821,0.051024,1.585,0.5,0.5
2,6.0,1.0,1.0,0.0,0.0,0,3.612,4.555,0.5,1.0,0.001938,0.050994,1.0,0.5,0.5
3,6.667,1.0,1.0,0.0,0.0,0,4.097,5.066,0.667,1.0,0.001933,0.050994,1.585,0.5,0.5
3,5.667,0.667,1.0,0.0,0.0,0,3.297,4.555,0.333,1.0,0.001354,0.051013,0.918,0.5,0.5
3,6.333,0.667,1.0,0.0,0.0,0,3.926,4.555,0.667,1.0,0.001532,0.051008,0.918,0.5,0.5
2,6.0,1.0,1.0,0.0,0.0,0,3.612,4.555,0.5,1.0,0.001377,0.051012,1.0,0.5,0.5
3,5.0,1.0,1.0,0.0,0.0,1,4.047,4.555,0.667,1.0,0.000974,0.051022,1.585,0.5,0.5
3,7.0,1.0,0.667,0.333,0.0,0,3.986,4.555,0.667,1.0,0.000517,0.051028,1.585,0.5,0.5
3,6.667,1.0,0.667,0.333,0.0,0,4.047,4.555,0.667,1.0,0.000748,0.051026,1.585,0.5,0.5
2,5.5,1.0,1.0,0.0,0.0,0,4.555,4.555,0.0,1.0,0.001012,0.051021,1.0,0.5,0.5
3,4.667,1.0,0.667,0.333,0.0,0,4.105,5.066,0.667,1.0,0.001312,0.051014,1.585,0.5,0.5
3,6.667,1.0,0.667,0.333,0.0,0,4.555,4.555,0.0,1.0,0.000448,0.051029,1.585,0.5,0.5
3,5.667,0.667,1.0,0.0,0.0,0,4.555,4.555,0.0,1.0,0.000186,0.051031,0.918,0.5,0.5
2,6.5,1.0,1.0,0.0,0.0,0,4.555,4.555,0.0,1.0,0.000722,0.051026,1.0,0.5,0.5
3,7.667,1.0,1.0,0.0,0.0,0,4.047,4.555,0.667,1.0,0.000323,0.05103,1.585,0.5,0.5
3,4.667,0.667,0.667,0.333,0.0,1,4.861,5.472,0.333,1.0,0.000365,0.05103,0.918,0.5,0.5
3,6.667,1.0,0.667,0.0,0.333,0,5.031,5.472,0.667,1.0,0.001035,0.051021,1.585,0.5,0.5
3,7.333,1.0,0.667,0.0,0.333,0,4.8,5.066,0.333,1.0,0.000526,0.051028,1.585,0.5,0.5
3,6.667,1.0,0.333,0.0,0.333,0,4.434,5.066,0.667,1.0,0.00129,0.051015,1.585,0.5,0.5
2,8.0,1.0,0.5,0.0,0.5,0,4.811,5.066,0.5,1.0,0.00088,0.051023,1.0,0.5,0.5
2,8.0,1.0,0.5,0.5,0.0,0,4.667,4.778,0.5,1.0,0.000492,0.051029,1.0,0.5,0.5
3,7.0,1.0,1.0,0.0,0.0,0,2.078,2.699,0.333,1.0,0.000966,0.051022,1.585,0.5,0.5
3,7.333,1.0,0.667,0.333,0.0,0,2.212,2.699,0.333,1.0,0.000925,0.051023,1.585,0.5,0.5
2,7.0,1.0,1.0,0.0,0.0,0,2.145,2.699,0.5,1.0,0.001175,0.051018,1.0,0.5,0.5
3,7.0,1.0,0.667,0.333,0.0,0,2.948,4.555,0.333,1.0,0.001464,0.05101,1.585,0.5,0.5
3,6.333,1.0,0.667,0.0,0.333,0,2.836,4.219,0.333,1.0,0.000867,0.051024,1.585,0.5,0.5
3,6.0,1.0,0.667,0.333,0.0,0,3.355,5.066,0.667,1.0,0.00071,0.051026,1.585,0.5,0.5
3,7.0,1.0,0.667,0.333,0.0,0,3.073,4.219,0.667,1.0,0.000688,0.051026,1.585,0.5,0.5
2,6.0,1.0,1.0,0.0,0.0,0,2.5,3.526,0.5,1.0,0.001196,0.051017,1.0,0.5,0.5
3,6.667,0.667,1.0,0.0,0.0,0,2.842,3.526,0.667,1.0,0.000973,0.051022,0.918,0.5,0.5
3,6.0,1.0,1.0,0.0,0.0,0,3.028,4.085,0.667,1.0,0.001007,0.051021,1.585,0.5,0.5
2,7.5,1.0,1.0,0.0,0.0,0,3.498,3.968,0.5,1.0,0.000745,0.051026,1.0,0.5,0.5
3,7.333,1.0,0.667,0.333,0.0,0,4.021,5.066,0.333,1.0,0.000326,0.05103,1.585,0.5,0.5
3,6.667,1.0,0.667,0.333,0.0,0,3.559,3.968,0.667,1.0,0.00075,0.051026,1.585,0.5,0.5
2,6.0,1.0,1.0,0.0,0.0,0,2.72,3.968,0.5,1.0,0.001523,0.051008,1.0,0.5,0.5
3,5.333,1.0,0.667,0.0,0.333,0,3.638,5.472,0.667,1.0,0.001396,0.051012,1.585,0.5,0.5
3,6.333,1.0,1.0,0.0,0.0,0,3.124,4.373,0.667,1.0,0.001118,0.051019,1.585,0.5,0.5
3,6.333,1.0,1.0,0.0,0.0,0,3.124,4.373,0.667,1.0,0.001159,0.051018,1.585,0.5,0.5
3,7.0,1.0,0.667,0.333,0.0,0,3.907,5.066,0.667,1.0,0.000822,0.051024,1.585,0.5,0.5
3,6.333,1.0,1.0,0.0,0.0,0,2.599,3.526,0.667,1.0,0.000751,0.051026,1.585,0.5,0.5
3,5.667,1.0,0.667,0.0,0.333,0,2.842,3.526,0.667,1.0,0.000957,0.051022,1.585,0.5,0.5
3,6.333,1.0,0.333,0.333,0.0,1,3.305,4.778,0.333,1.0,0.000664,0.051027,1.585,0.5,0.5
3,4.667,1.0,0.667,0.333,0.0,0,3.17,4.373,0.667,1.0,0.000873,0.051024,1.585,0.5,0.5
2,7.0,1.0,1.0,0.0,0.0,0,2.678,3.767,0.5,1.0,0.000836,0.051024,1.0,0.0,1.0
3,6.0,1.0,1.0,0.0,0.0,0,2.677,3.22,0.667,1.0,0.000807,0.051025,1.585,0.5,0.5
2,5.0,1.0,0.5,0.5,0.0,0,2.568,3.22,0.5,1.0,0.000892,0.051023,1.0,0.5,0.5
3,8.667,1.0,1.0,0.0,0.0,1,3.655,4.219,0.333,1.0,0.000693,0.051026,1.585,0.5,0.5
3,6.0,1.0,1.0,0.0,0.0,1,3.208,3.457,0.667,1.0,0.001567,0.051007,1.585,0.5,0.5
3,7.0,1.0,0.667,0.333,0.0,1,4.185,4.778,0.667,1.0,0.001261,0.051015,1.585,0.5,0.5
2,6.5,1.0,1.0,0.0,0.0,1,3.373,3.526,0.5,1.0,0.001067,0.05102,1.0,0.5,0.5
3,5.667,1.0,0.333,0.333,0.0,0,4.495,5.472,0.667,1.0,0.001188,0.051017,1.585,0.5,0.5
3,8.0,1.0,1.0,0.0,0.0,0,3.118,5.066,0.333,1.0,0.000763,0.051025,1.585,0.5,0.5
3,7.333,1.0,1.0,0.0,0.0,0,3.118,5.066,0.333,1.0,0.000852,0.051024,1.585,0.0,1.0
2,7.0,1.0,1.0,0.0,0.0,0,2.145,2.699,0.5,1.0,0.001175,0.051018,1.0,0.0,1.0
3,7.333,1.0,1.0,0.0,0.0,0,3.118,5.066,0.333,1.0,0.00088,0.051023,1.585,0.0,1.0
3,7.333,1.0,1.0,0.0,0.0,0,3.118,5.066,0.333,1.0,0.000814,0.051025,1.585,0.0,1.0
3,6.667,1.0,0.667,0.0,0.333,0,3.41,4.555,0.667,1.0,0.000372,0.05103,1.585,0.5,0.5
2,7.0,1.0,1.0,0.0,0.0,0,2.838,4.085,0.5,1.0,0.000273,0.05103,1.0,1.0,0.0
2,6.5,1.0,0.5,0.5,0.0,0,2.721,3.526,0.5,1.0,0.000526,0.051028,1.0,0.5,0.5
3,5.667,1.0,0.667,0.333,0.0,0,2.305,3.526,0.333,1.0,0.000543,0.051028,1.585,1.0,0.0
3,5.333,1.0,0.667,0.333,0.0,0,3.242,5.066,0.333,1.0,0.000751,0.051026,1.585,0.5,0.5
3,5.333,1.0,0.667,0.333,0.0,0,4.457,5.472,0.333,1.0,0.00171,0.051002,1.585,0.5,0.5
2,4.5,1.0,1.0,0.0,0.0,0,3.949,4.219,0.5,1.0,0.001173,0.051018,1.0,0.5,0.5
3,4.0,1.0,0.667,0.333,0.0,0,3.833,4.219,0.333,1.0,0.000584,0.051028,1.585,0.5,0.5
3,5.0,1.0,0.667,0.333,0.0,0,4.039,4.219,0.667,1.0,0.001476,0.05101,1.585,0.5,0.5
3,5.0,1.0,1.0,0.0,0.0,0,4.039,4.219,0.667,1.0,0.001332,0.051014,1.585,0.5,0.5
3,5.333,1.0,0.667,0.333,0.0,0,3.907,5.066,0.667,1.0,0.000555,0.051028,1.585,0.5,0.5
3,6.0,1.0,1.0,0.0,0.0,0,2.791,4.085,0.333,1.0,0.000789,0.051025,1.585,0.5,0.5
3,6.667,1.0,0.667,0.333,0.0,0,3.012,4.373,0.667,1.0,0.001044,0.05102,1.585,0.5,0.5
3,6.0,1.0,1.0,0.0,0.0,0,2.755,3.6,0.667,1.0,0.000738,0.051026,1.585,0.5,0.5
2,7.0,1.0,1.0,0.0,0.0,0,2.332,3.074,0.5,1.0,0.001158,0.051018,1.0,0.0,1.0
3,5.667,1.0,0.333,0.0,0.667,0,3.337,3.767,0.333,1.0,0.001244,0.051016,1.585,0.0,1.0
2,6.0,1.0,0.5,0.0,0.5,0,3.42,3.767,0.5,1.0,0.001357,0.051013,1.0,0.0,1.0
3,4.667,1.0,0.667,0.0,0.0,1,3.642,4.085,0.667,1.0,0.001965,0.050993,1.585,0.5,0.5
3,5.667,1.0,0.333,0.333,0.333,0,3.432,3.6,0.667,1.0,0.000833,0.051024,1.585,0.5,0.5
2,6.0,1.0,0.5,0.5,0.0,0,3.563,3.6,0.5,1.0,0.000913,0.051023,1.0,0.5,0.5
3,6.333,1.0,1.0,0.0,0.0,1,2.859,3.767,0.667,1.0,0.000637,0.051027,1.585,0.0,1.0
3,6.333,1.0,0.667,0.333,0.0,0,2.424,3.074,0.667,1.0,0.000896,0.051023,1.585,0.5,0.5
3,6.0,1.0,0.667,0.333,0.0,0,3.275,5.472,0.333,1.0,0.001035,0.051021,1.585,0.5,0.5
3,8.0,1.0,0.333,0.667,0.0,0,3.529,5.472,0.333,1.0,0.000671,0.051027,1.585,0.5,0.5
3,6.333,1.0,0.667,0.333,0.0,0,2.424,3.074,0.667,1.0,0.001037,0.05102,1.585,0.5,0.5
3,5.667,1.0,0.333,0.333,0.333,0,3.432,3.6,0.667,1.0,0.000833,0.051024,1.585,0.5,0.5
3,5.667,1.0,0.333,0.333,0.333,0,3.432,3.6,0.667,1.0,0.000679,0.051027,1.585,0.5,0.5
3,5.0,1.0,0.667,0.333,0.0,0,3.146,3.6,0.333,1.0,0.001001,0.051021,1.585,0.5,0.5
3,6.0,1.0,0.333,0.333,0.333,0,3.506,3.6,0.667,1.0,0.00092,0.051023,1.585,0.5,0.5
3,6.667,1.0,0.333,0.333,0.333,0,3.894,4.555,0.333,1.0,0.000819,0.051024,1.585,0.5,0.5
3,4.333,1.0,0.333,0.333,0.0,1,3.547,3.968,0.667,1.0,0.001415,0.051011,1.585,0.5,0.5
3,6.667,1.0,0.667,0.333,0.0,0,3.378,5.472,0.333,1.0,0.001204,0.051017,1.585,0.5,0.5
3,5.667,1.0,0.333,0.0,0.667,0,3.337,3.767,0.333,1.0,0.001244,0.051016,1.585,0.5,0.5
3,5.0,1.0,0.667,0.0,0.0,0,2.71,5.066,0.333,1.0,0.000362,0.05103,1.585,1.0,0.0
2,7.0,1.0,1.0,0.0,0.0,0,2.678,3.767,0.5,1.0,0.000836,0.051024,1.0,0.5,0.5
3,6.0,1.0,1.0,0.0,0.0,0,3.858,5.472,0.333,1.0,0.000503,0.051029,1.585,0.0,1.0
3,6.333,1.0,0.667,0.333,0.0,0,2.424,3.074,0.667,1.0,0.000948,0.051022,1.585,0.5,0.5
3,6.0,1.0,0.667,0.333,0.0,0,2.646,3.274,0.667,1.0,0.000924,0.051023,1.585,0.5,0.5
3,7.333,1.0,0.667,0.333,0.0,0,3.243,5.066,0.333,1.0,0.000583,0.051028,1.585,0.5,0.5
3,7.0,1.0,0.333,0.667,0.0,0,3.243,5.066,0.333,1.0,0.000933,0.051023,1.585,0.5,0.5
3,5.333,1.0,0.667,0.333,0.0,0,3.14,5.066,0.333,1.0,0.001233,0.051016,1.585,1.0,0.0
3,7.333,1.0,1.0,0.0,0.0,0,3.785,4.373,0.667,1.0,0.000722,0.051026,1.585,0.5,0.5
3,6.333,1.0,1.0,0.0,0.0,1,2.859,3.767,0.667,1.0,0.000637,0.051027,1.585,0.5,0.5
3,4.333,1.0,0.667,0.0,0.0,1,3.292,5.066,0.333,1.0,0.000703,0.051026,1.585,1.0,0.0
3,6.0,1.0,1.0,0.0,0.0,0,2.768,3.767,0.667,1.0,0.000825,0.051024,1.585,0.5,0.5
3,4.333,1.0,0.667,0.333,0.0,1,2.603,3.274,0.667,1.0,0.00095,0.051022,1.585,0.5,0.5
3,3.667,1.0,0.667,0.0,0.0,1,2.582,3.392,0.667,1.0,0.001091,0.051019,1.585,0.0,1.0
3,6.333,1.0,0.667,0.333,0.0,0,2.424,3.074,0.667,1.0,0.000948,0.051022,1.585,0.0,1.0
2,4.5,1.0,1.0,0.0,0.0,0,2.177,2.764,0.5,1.0,0.001235,0.051016,1.0,0.0,1.0
3,6.333,1.0,0.667,0.333,0.0,0,3.201,5.066,0.333,1.0,0.0008,0.051025,1.585,0.5,0.5
3,6.333,1.0,1.0,0.0,0.0,1,2.859,3.767,0.667,1.0,0.000637,0.051027,1.585,0.0,1.0
3,5.333,1.0,0.667,0.0,0.0,1,2.916,3.767,0.667,1.0,0.00082,0.051024,1.585,0.5,0.5
2,7.0,1.0,1.0,0.0,0.0,0,2.678,3.767,0.5,1.0,0.000836,0.051024,1.0,0.5,0.5
3,4.667,1.0,0.667,0.0,0.0,1,3.122,4.555,0.667,1.0,0.000904,0.051023,1.585,0.5,0.5
2,5.5,1.0,1.0,0.0,0.0,1,2.405,3.22,0.5,1.0,0.000947,0.051022,1.0,0.5,0.5
3,6.0,1.0,0.667,0.333,0.0,0,3.254,4.778,0.667,1.0,0.001454,0.05101,1.585,0.5,0.5
3,6.0,1.0,1.0,0.0,0.0,0,2.786,4.778,0.333,1.0,0.000878,0.051023,1.585,0.5,0.5
3,6.667,1.0,0.667,0.333,0.0,0,2.781,3.68,0.667,1.0,0.001027,0.051021,1.585,0.5,0.5
3,5.333,1.0,0.667,0.0,0.0,1,2.861,3.6,0.667,1.0,0.001126,0.051019,1.585,0.5,0.5
2,5.5,1.0,1.0,0.0,0.0,0,3.184,4.778,0.5,1.0,0.001108,0.051019,1.0,0.5,0.5
3,6.0,1.0,0.333,0.333,0.333,1,4.242,4.778,0.333,1.0,0.00052,0.051028,1.585,0.5,0.5
3,6.667,1.0,0.667,0.0,0.0,1,4.874,5.066,0.333,1.0,-0.000235,0.05103,1.585,0.5,0.5
3,6.0,1.0,0.667,0.333,0.0,0,4.604,5.066,0.667,1.0,0.000638,0.051027,1.585,0.5,0.5
2,7.0,1.0,0.5,0.0,0.5,1,4.32,4.778,0.5,1.0,0.000395,0.05103,1.0,0.5,0.5
3,7.667,1.0,1.0,0.0,0.0,0,4.739,5.066,0.667,1.0,0.001125,0.051019,1.585,0.5,0.5
3,4.333,1.0,1.0,0.0,0.0,1,5.201,5.472,0.333,1.0,0.000966,0.051022,1.585,0.5,0.5
3,6.0,1.0,1.0,0.0,0.0,1,5.201,5.472,0.333,1.0,0.000318,0.05103,1.585,0.5,0.5
3,4.333,1.0,1.0,0.0,0.0,0,3.371,5.066,0.667,1.0,0.000832,0.051024,1.585,0.5,0.5
2,5.0,1.0,1.0,0.0,0.0,1,5.269,5.472,0.5,1.0,0.000604,0.051027,1.0,0.5,0.5
3,7.333,1.0,0.667,0.333,0.0,1,4.874,5.066,0.333,1.0,0.000855,0.051024,1.585,0.5,0.5
3,8.0,1.0,1.0,0.0,0.0,0,4.473,4.778,0.667,1.0,0.001436,0.051011,1.585,0.5,0.5
3,7.667,1.0,1.0,0.0,0.0,1,4.155,4.778,0.333,1.0,0.001092,0.051019,1.585,0.5,0.5
3,4.667,1.0,0.667,0.0,0.333,2,4.874,5.472,0.333,1.0,0.000408,0.051029,1.585,0.5,0.5
2,4.5,1.0,1.0,0.0,0.0,2,5.125,5.472,0.5,1.0,0.000766,0.051025,1.0,0.5,0.5
3,7.0,1.0,1.0,0.0,0.0,0,4.136,4.778,0.333,1.0,0.00103,0.051021,1.585,0.5,0.5
3,5.667,1.0,0.667,0.0,0.0,1,3.378,4.778,0.667,1.0,0.000864,0.051024,1.585,0.5,0.5
2,6.5,1.0,1.0,0.0,0.0,0,1.79,1.99,0.5,1.0,0.000324,0.05103,1.0,0.0,1.0
3,6.0,1.0,1.0,0.0,0.0,0,2.083,2.668,0.333,1.0,0.000492,0.051029,1.585,0.0,1.0
3,5.0,1.0,0.667,0.0,0.0,1,2.449,3.767,0.333,1.0,0.00054,0.051028,1.585,0.0,1.0
3,7.0,1.0,0.667,0.333,0.0,0,4.537,5.066,0.667,1.0,0.000847,0.051024,1.585,0.5,0.5
3,7.333,1.0,0.667,0.0,0.0,1,4.569,5.066,0.667,1.0,0.001261,0.051015,1.585,0.5,0.5
3,9.0,1.0,1.0,0.0,0.0,0,3.93,5.066,0.667,1.0,0.001366,0.051013,1.585,0.5,0.5
2,10.0,1.0,1.0,0.0,0.0,0,4.922,5.066,0.5,1.0,0.001545,0.051008,1.0,0.5,0.5
2,10.5,1.0,1.0,0.0,0.0,0,3.362,4.778,0.5,1.0,0.00195,0.050994,1.0,0.5,0.5
3,5.667,1.0,0.667,0.0,0.333,0,4.537,5.066,0.667,1.0,0.002051,0.05099,1.585,0.5,0.5
3,5.667,1.0,0.667,0.0,0.333,0,4.048,4.778,0.333,1.0,0.001693,0.051003,1.585,0.5,0.5
3,5.0,1.0,0.667,0.0,0.333,0,4.367,4.778,0.667,1.0,0.00142,0.051011,1.585,0.5,0.5
2,4.5,1.0,1.0,0.0,0.0,0,4.273,4.778,0.5,1.0,0.001597,0.051006,1.0,0.5,0.5
3,5.0,1.0,0.667,0.0,0.333,0,4.367,4.778,0.667,1.0,0.001414,0.051011,1.585,0.5,0.5
3,5.667,1.0,1.0,0.0,0.0,0,4.537,5.066,0.667,1.0,0.001713,0.051002,1.585,0.5,0.5
3,5.333,1.0,0.667,0.0,0.333,0,4.8,5.066,0.333,1.0,0.001002,0.051021,1.585,0.5,0.5
2,5.5,1.0,1.0,0.0,0.0,0,4.922,5.066,0.5,1.0,0.000922,0.051023,1.0,0.5,0.5
3,5.333,1.0,0.667,0.333,0.0,0,4.604,5.066,0.667,1.0,0.001081,0.05102,1.585,0.5,0.5
3,5.0,1.0,0.667,0.333,0.0,0,5.031,5.472,0.667,1.0,0.001313,0.051014,1.585,0.5,0.5
3,5.667,1.0,1.0,0.0,0.0,0,4.8,5.066,0.333,1.0,0.000636,0.051027,1.585,0.5,0.5
3,6.333,1.0,1.0,0.0,0.0,0,2.877,3.968,0.667,1.0,0.000977,0.051022,1.585,0.5,0.5
3,6.333,1.0,1.0,0.0,0.0,1,2.877,3.968,0.667,1.0,0.001111,0.051019,1.585,0.5,0.5
3,6.667,1.0,0.667,0.0,0.333,0,3.012,4.373,0.667,1.0,0.001176,0.051017,1.585,0.5,0.5
3,6.333,1.0,1.0,0.0,0.0,0,2.877,3.968,0.667,1.0,0.000875,0.051024,1.585,0.5,0.5
2,6.5,1.0,1.0,0.0,0.0,1,3.521,3.968,0.5,1.0,0.001013,0.051021,1.0,0.5,0.5
3,7.667,1.0,0.667,0.333,0.0,1,4.036,5.066,0.333,1.0,0.000454,0.051029,1.585,0.5,0.5
3,5.667,1.0,1.0,0.0,0.0,0,4.036,5.066,0.333,1.0,0.000617,0.051027,1.585,0.5,0.5
2,6.5,1.0,1.0,0.0,0.0,1,3.521,3.968,0.5,1.0,0.001013,0.051021,1.0,0.5,0.5
3,6.667,1.0,0.333,0.333,0.0,0,4.043,5.472,0.667,1.0,-6.3e-05,0.051031,1.585,1.0,0.0
2,7.0,1.0,1.0,0.0,0.0,0,2.635,3.68,0.5,1.0,0.000573,0.051028,1.0,1.0,0.0
3,6.0,1.0,0.333,0.0,0.667,0,3.517,4.085,0.333,1.0,0.001462,0.05101,1.585,0.5,0.5
3,5.667,1.0,0.667,0.333,0.0,0,3.577,5.066,0.333,1.0,0.000747,0.051026,1.585,0.5,0.5
2,6.0,1.0,0.5,0.0,0.5,0,3.58,4.085,0.5,1.0,0.001286,0.051015,1.0,0.5,0.5
3,5.667,1.0,0.667,0.333,0.0,0,3.298,4.778,0.667,1.0,0.001041,0.05102,1.585,0.5,0.5
3,5.667,1.0,0.667,0.333,0.0,0,3.196,4.778,0.667,1.0,0.000948,0.051022,1.585,1.0,0.0
3,6.333,1.0,0.333,0.333,0.333,0,4.21,5.472,0.333,1.0,0.001145,0.051018,1.585,0.5,0.5
3,6.0,1.0,0.667,0.0,0.0,0,3.403,3.968,0.333,1.0,0.000729,0.051026,1.585,0.5,0.5
3,5.333,1.0,0.667,0.333,0.0,0,3.676,5.472,0.667,1.0,0.000811,0.051025,1.585,0.5,0.5
3,5.667,1.0,0.333,0.0,0.667,0,3.443,4.085,0.333,1.0,0.001461,0.05101,1.585,0.5,0.5
3,6.0,1.0,0.333,0.0,0.667,0,3.517,4.085,0.333,1.0,0.001462,0.05101,1.585,0.5,0.5
3,6.333,1.0,1.0,0.0,0.0,0,2.877,3.968,0.667,1.0,0.000977,0.051022,1.585,0.5,0.5
2,6.5,1.0,1.0,0.0,0.0,1,3.521,3.968,0.5,1.0,0.001013,0.051021,1.0,0.5,0.5
3,5.667,1.0,0.667,0.0,0.0,1,3.94,4.778,0.667,1.0,0.000752,0.051025,1.585,0.5,0.5
3,7.333,0.667,1.0,0.0,0.0,0,2.579,3.074,0.667,1.0,0.00079,0.051025,0.918,0.5,0.5
2,7.0,1.0,1.0,0.0,0.0,0,2.332,3.074,0.5,1.0,0.001167,0.051018,1.0,0.5,0.5
3,7.333,1.0,0.333,0.333,0.333,0,3.979,5.472,0.333,1.0,0.001246,0.051016,1.585,0.5,0.5
3,4.667,1.0,1.0,0.0,0.0,0,3.275,5.472,0.333,1.0,0.001767,0.051,1.585,0.5,0.5
3,6.333,1.0,0.667,0.333,0.0,0,4.672,5.472,0.667,1.0,0.001326,0.051014,1.585,0.5,0.5
3,4.0,1.0,0.667,0.333,0.0,0,4.061,5.472,0.333,1.0,0.001822,0.050999,1.585,0.5,0.5
3,5.0,1.0,1.0,0.0,0.0,0,4.361,5.472,0.333,1.0,0.000954,0.051022,1.585,0.5,0.5
3,5.333,1.0,0.667,0.333,0.0,1,3.201,5.066,0.333,1.0,0.000508,0.051029,1.585,0.5,0.5
3,8.0,1.0,0.333,0.333,0.0,0,2.951,3.862,0.667,1.0,0.000798,0.051025,1.585,0.5,0.5
3,5.0,1.0,1.0,0.0,0.0,0,2.289,2.668,0.667,1.0,0.00115,0.051018,1.585,0.0,1.0
2,5.0,1.0,0.5,0.0,0.5,1,2.431,2.946,0.5,1.0,0.000788,0.051025,1.0,1.0,0.0
3,7.0,1.0,0.667,0.0,0.333,1,2.908,3.862,0.667,1.0,0.000287,0.05103,1.585,1.0,0.0
3,6.667,1.0,0.667,0.0,0.0,0,4.264,5.066,0.333,1.0,0.000714,0.051026,1.585,0.5,0.5
2,9.0,1.0,1.0,0.0,0.0,0,3.862,3.862,0.0,1.0,0.001059,0.05102,1.0,0.5,0.5
3,9.333,0.667,1.0,0.0,0.0,0,3.862,3.862,0.0,1.0,0.000659,0.051027,0.918,0.5,0.5
3,8.667,0.667,1.0,0.0,0.0,0,3.862,3.862,0.0,1.0,0.001181,0.051017,0.918,0.5,0.5
2,9.0,1.0,1.0,0.0,0.0,0,3.862,3.862,0.0,1.0,0.001167,0.051018,1.0,0.5,0.5
3,8.333,1.0,0.667,0.0,0.0,0,4.032,4.373,0.333,1.0,0.000682,0.051026,1.585,0.5,0.5
2,9.0,1.0,1.0,0.0,0.0,0,3.862,3.862,0.0,1.0,0.001059,0.05102,1.0,0.0,1.0
3,8.0,1.0,1.0,0.0,0.0,0,4.032,4.373,0.333,1.0,0.000935,0.051022,1.585,0.5,0.5
3,7.333,1.0,0.333,0.333,0.0,0,4.434,5.066,0.333,1.0,0.001249,0.051016,1.585,0.5,0.5
3,7.0,1.0,0.667,0.333,0.0,1,5.336,5.472,0.667,1.0,0.000761,0.051025,1.585,0.5,0.5
3,6.333,1.0,0.667,0.333,0.0,0,3.547,5.472,0.333,1.0,0.00074,0.051026,1.585,0.5,0.5
3,9.667,1.0,1.0,0.0,0.0,1,4.203,5.066,0.333,1.0,0.000596,0.051028,1.585,0.5,0.5
3,6.0,1.0,0.667,0.333,0.0,0,4.064,5.472,0.667,1.0,3.2e-05,0.051031,1.585,0.5,0.5
3,6.667,1.0,0.667,0.333,0.0,0,4.861,5.472,0.333,1.0,0.000217,0.051031,1.585,0.5,0.5
3,10.0,1.0,1.0,0.0,0.0,0,3.937,4.085,0.333,1.0,0.001116,0.051019,1.585,0.5,0.5
3,6.0,1.0,1.0,0.0,0.0,0,2.684,3.274,0.667,1.0,0.000774,0.051025,1.585,0.5,0.5
3,6.0,1.0,0.667,0.333,0.0,0,2.684,3.274,0.667,1.0,0.000738,0.051026,1.585,0.5,0.5
2,5.5,1.0,1.0,0.0,0.0,0,3.053,3.274,0.5,1.0,0.000831,0.051024,1.0,0.5,0.5
3,7.333,1.0,1.0,0.0,0.0,0,3.296,3.862,0.667,1.0,-9.9e-05,0.051031,1.585,0.0,1.0
3,9.667,1.0,0.667,0.333,0.0,0,4.151,5.066,0.333,1.0,0.000493,0.051029,1.585,0.5,0.5
3,8.667,1.0,1.0,0.0,0.0,0,3.179,4.555,0.667,1.0,0.000454,0.051029,1.585,1.0,0.0
3,8.667,1.0,0.333,0.333,0.333,0,3.179,4.555,0.667,1.0,0.000485,0.051029,1.585,1.0,0.0
3,9.333,1.0,0.667,0.333,0.0,0,3.254,4.778,0.667,1.0,0.000502,0.051029,1.585,1.0,0.0
3,8.667,1.0,0.667,0.0,0.333,0,3.179,4.555,0.667,1.0,0.000628,0.051027,1.585,1.0,0.0
3,7.667,1.0,0.333,0.667,0.0,0,3.118,4.373,0.667,1.0,0.000563,0.051028,1.585,0.5,0.5
3,7.667,1.0,0.333,0.333,0.0,0,3.947,5.472,0.667,1.0,0.000318,0.05103,1.585,0.5,0.5
3,9.0,1.0,0.0,0.667,0.0,0,4.178,5.472,0.667,1.0,0.000764,0.051025,1.585,0.5,0.5
3,7.333,1.0,0.667,0.333,0.0,0,3.947,5.472,0.667,1.0,0.000452,0.051029,1.585,0.5,0.5
2,8.0,1.0,0.0,0.5,0.0,0,3.531,5.472,0.5,1.0,0.000677,0.051027,1.0,0.5,0.5
2,6.5,1.0,1.0,0.0,0.0,0,3.184,4.778,0.5,1.0,0.000572,0.051028,1.0,0.0,1.0
3,6.667,1.0,0.667,0.333,0.0,0,2.948,3.862,0.667,1.0,0.0012,0.051017,1.585,0.5,0.5
3,9.0,1.0,0.667,0.333,0.0,0,3.275,4.373,0.667,1.0,0.000668,0.051027,1.585,0.5,0.5
3,7.0,1.0,0.667,0.333,0.0,0,3.254,5.472,0.333,1.0,0.001252,0.051016,1.585,0.5,0.5
2,7.0,1.0,1.0,0.0,0.0,0,2.145,2.699,0.5,1.0,0.001175,0.051018,1.0,0.5,0.5
3,7.667,1.0,0.667,0.333,0.0,0,3.676,5.066,0.667,1.0,0.000214,0.051031,1.585,0.5,0.5
3,6.667,1.0,0.333,0.333,0.0,0,3.31,5.066,0.333,1.0,0.00091,0.051023,1.585,0.5,0.5
2,6.0,1.0,1.0,0.0,0.0,0,2.432,3.274,0.5,1.0,0.000656,0.051027,1.0,0.5,0.5
3,7.333,1.0,1.0,0.0,0.0,0,2.631,3.274,0.667,1.0,0.000688,0.051026,1.585,0.5,0.5
3,6.0,1.0,0.333,0.333,0.0,0,3.14,4.555,0.667,1.0,0.000711,0.051026,1.585,0.5,0.5
3,6.0,0.667,0.667,0.333,0.0,0,2.713,3.274,0.667,1.0,0.000572,0.051028,0.918,0.5,0.5
3,6.0,1.0,0.333,0.333,0.0,0,3.14,4.555,0.667,1.0,0.000711,0.051026,1.585,0.5,0.5
3,6.333,1.0,1.0,0.0,0.0,0,3.31,5.066,0.333,1.0,0.000697,0.051026,1.585,0.5,0.5
3,6.0,0.667,1.0,0.0,0.0,0,2.152,3.274,0.333,1.0,0.000128,0.051031,0.918,1.0,0.0
2,6.0,1.0,1.0,0.0,0.0,0,2.432,3.274,0.5,1.0,0.000656,0.051027,1.0,1.0,0.0
2,6.0,1.0,1.0,0.0,0.0,0,2.432,3.274,0.5,1.0,0.000801,0.051025,1.0,1.0,0.0
2,4.0,1.0,1.0,0.0,0.0,0,3.328,5.066,0.5,1.0,0.001021,0.051021,1.0,0.5,0.5
3,4.333,1.0,0.667,0.0,0.0,0,3.907,5.066,0.667,1.0,0.001168,0.051018,1.585,0.5,0.5
3,6.0,1.0,0.667,0.333,0.0,0,3.118,5.066,0.333,1.0,0.000751,0.051026,1.585,0.5,0.5
3,5.0,1.0,0.667,0.333,0.0,0,3.118,5.066,0.333,1.0,0.001519,0.051008,1.585,0.5,0.5
1,6.0,1.0,1.0,0.0,0.0,0,1.59,1.59,0.0,1.0,0.000727,0.051026,0.0,0.5,0.5
2,7.0,1.0,0.5,0.0,0.5,0,3.073,4.555,0.5,1.0,0.000508,0.051029,1.0,0.5,0.5
3,7.0,1.0,0.667,0.0,0.333,0,3.872,5.472,0.667,1.0,0.000365,0.05103,1.585,0.5,0.5
2,5.0,1.0,0.5,0.0,0.5,0,2.691,3.392,0.5,1.0,0.000708,0.051026,1.0,0.5,0.5
3,6.0,1.0,0.333,0.333,0.333,0,3.483,5.066,0.333,1.0,0.000645,0.051027,1.585,0.5,0.5
2,7.0,1.0,1.0,0.0,0.0,0,1.968,1.99,0.5,1.0,0.00049,0.051029,1.0,0.5,0.5
3,8.333,1.0,0.667,0.0,0.333,0,3.023,4.778,0.333,1.0,0.001153,0.051018,1.585,0.5,0.5
3,8.0,1.0,1.0,0.0,0.0,0,2.516,3.968,0.333,1.0,0.000647,0.051027,1.585,0.0,1.0
2,8.5,1.0,1.0,0.0,0.0,0,3.184,4.778,0.5,1.0,0.000976,0.051022,1.0,1.0,0.0
3,6.333,1.0,0.667,0.0,0.333,0,2.836,4.219,0.333,1.0,0.000867,0.051024,1.585,1.0,0.0
2,7.0,1.0,1.0,0.0,0.0,0,2.145,2.699,0.5,1.0,0.001175,0.051018,1.0,0.5,0.5
3,5.667,1.0,1.0,0.0,0.0,0,2.887,4.373,0.333,1.0,0.000599,0.051028,1.585,0.5,0.5
2,6.5,1.0,1.0,0.0,0.0,0,2.982,4.373,0.5,1.0,-8.9e-05,0.051031,1.0,0.5,0.5
3,6.667,1.0,0.667,0.333,0.0,0,3.533,3.68,0.333,1.0,0.002219,0.050983,1.585,0.5,0.5
3,6.0,1.0,1.0,0.0,0.0,0,2.881,3.526,0.667,1.0,0.001379,0.051012,1.585,0.5,0.5
2,7.0,1.0,1.0,0.0,0.0,0,2.558,3.526,0.5,1.0,0.000743,0.051026,1.0,0.0,1.0
3,6.333,1.0,0.333,0.333,0.0,0,3.256,4.778,0.333,1.0,0.000784,0.051025,1.585,0.5,0.5
2,10.5,1.0,0.5,0.5,0.0,0,4.17,5.066,0.5,1.0,0.001163,0.051018,1.0,0.5,0.5
1,5.0,1.0,0.0,1.0,0.0,0,1.916,1.916,0.0,1.0,0.000593,0.051028,0.0,0.5,0.5
2,5.5,1.0,1.0,0.0,0.0,0,2.495,3.074,0.5,1.0,0.000686,0.051026,1.0,0.5,0.5
3,7.0,1.0,1.0,0.0,0.0,0,3.352,5.066,0.333,1.0,0.001016,0.051021,1.585,0.0,1.0
3,6.667,1.0,0.667,0.333,0.0,0,3.31,5.066,0.333,1.0,0.001175,0.051017,1.585,0.5,0.5
3,5.333,1.0,1.0,0.0,0.0,0,2.113,3.274,0.333,1.0,0.000459,0.051029,1.585,0.5,0.5
3,7.667,1.0,0.333,0.333,0.333,0,2.152,3.392,0.333,1.0,0.000669,0.051027,1.585,0.0,1.0
2,8.5,1.0,1.0,0.0,0.0,0,3.184,4.778,0.5,1.0,0.000976,0.051022,1.0,0.5,0.5
2,6.0,1.0,1.0,0.0,0.0,0,2.432,3.274,0.5,1.0,0.000656,0.051027,1.0,0.5,0.5
3,5.333,1.0,0.667,0.0,0.333,0,3.698,4.373,0.667,1.0,0.000306,0.05103,1.585,0.5,0.5
3,5.0,1.0,0.667,0.0,0.333,0,3.653,4.373,0.667,1.0,0.000762,0.051025,1.585,0.5,0.5
2,5.0,1.0,0.5,0.0,0.5,0,3.437,4.373,0.5,1.0,0.000615,0.051027,1.0,0.5,0.5
3,5.333,1.0,0.667,0.0,0.333,0,3.884,4.778,0.667,1.0,0.000701,0.051026,1.585,0.5,0.5
3,6.667,1.0,1.0,0.0,0.0,1,4.688,5.472,0.333,1.0,0.000311,0.05103,1.585,0.5,0.5
3,6.667,1.0,1.0,0.0,0.0,0,3.676,5.066,0.667,1.0,0.000207,0.051031,1.585,0.5,0.5
3,5.667,1.0,0.667,0.333,0.0,0,3.349,4.373,0.667,1.0,0.000856,0.051024,1.585,0.5,0.5
3,8.333,1.0,1.0,0.0,0.0,0,3.485,5.472,0.333,1.0,0.0014,0.051012,1.585,0.5,0.5
2,8.0,1.0,1.0,0.0,0.0,0,2.31,3.029,0.5,1.0,0.000611,0.051027,1.0,1.0,0.0
3,5.333,1.0,1.0,0.0,0.0,0,3.557,4.778,0.333,1.0,0.001068,0.05102,1.585,0.5,0.5
3,5.667,0.667,1.0,0.0,0.0,1,4.019,4.778,0.667,1.0,0.000373,0.05103,0.918,0.5,0.5
2,5.5,1.0,0.5,0.0,0.5,1,3.64,4.778,0.5,1.0,0.000921,0.051023,1.0,0.5,0.5
3,6.0,1.0,0.667,0.0,0.333,0,3.714,4.778,0.667,1.0,0.000596,0.051028,1.585,0.5,0.5
3,4.333,1.0,1.0,0.0,0.0,1,4.107,4.778,0.333,1.0,0.001127,0.051019,1.585,0.5,0.5
1,6.0,1.0,1.0,0.0,0.0,0,4.778,4.778,0.0,1.0,0.001354,0.051013,0.0,0.5,0.5
3,6.667,1.0,0.667,0.0,0.333,0,4.508,5.066,0.667,1.0,0.001097,0.051019,1.585,0.5,0.5
2,8.0,1.0,1.0,0.0,0.0,1,5.125,5.472,0.5,1.0,0.000226,0.051031,1.0,0.5,0.5
3,5.667,1.0,0.667,0.333,0.0,0,4.402,5.472,0.667,1.0,0.000729,0.051026,1.585,0.5,0.5
3,8.667,1.0,0.667,0.333,0.0,1,5.105,5.472,0.333,1.0,0.000177,0.051031,1.585,0.5,0.5
2,5.0,1.0,0.5,0.0,0.0,0,4.229,4.778,0.5,1.0,0.001679,0.051003,1.0,0.5,0.5
3,6.667,1.0,0.333,0.0,0.667,0,4.211,5.066,0.667,1.0,0.000986,0.051022,1.585,0.5,0.5
2,7.5,1.0,0.5,0.0,0.5,0,5.066,5.066,0.0,1.0,0.000667,0.051027,1.0,0.5,0.5
2,7.5,1.0,0.5,0.0,0.5,0,5.066,5.066,0.0,1.0,0.000672,0.051027,1.0,0.5,0.5
3,6.333,0.667,0.667,0.0,0.333,0,5.066,5.066,0.0,1.0,0.000434,0.051029,0.918,0.5,0.5
3,8.667,0.667,0.333,0.0,0.667,0,5.066,5.066,0.0,1.0,0.000309,0.05103,0.918,0.5,0.5
3,5.333,1.0,0.333,0.0,0.333,0,4.346,5.472,0.667,1.0,0.000966,0.051022,1.585,0.5,0.5
2,7.0,1.0,0.5,0.0,0.5,0,3.784,5.066,0.5,1.0,0.000643,0.051027,1.0,0.0,1.0
3,7.667,1.0,0.667,0.0,0.333,0,4.115,5.066,0.667,1.0,0.000655,0.051027,1.585,0.5,0.5
2,7.0,1.0,1.0,0.0,0.0,0,3.784,5.066,0.5,1.0,0.000684,0.051026,1.0,0.0,1.0
3,6.333,0.667,0.667,0.0,0.333,0,3.356,5.066,0.333,1.0,0.0003,0.05103,0.918,0.0,1.0
2,4.0,1.0,1.0,0.0,0.0,1,3.531,5.472,0.5,1.0,0.000996,0.051021,1.0,0.5,0.5
3,4.333,1.0,0.667,0.333,0.0,1,3.581,5.472,0.667,1.0,0.000866,0.051024,1.585,0.5,0.5
3,5.667,1.0,0.667,0.0,0.333,0,3.275,4.555,0.667,1.0,0.001159,0.051018,1.585,0.5,0.5
2,5.5,1.0,0.5,0.5,0.0,0,2.635,3.68,0.5,1.0,0.000764,0.051025,1.0,0.5,0.5
3,7.333,1.0,0.333,0.333,0.333,0,3.394,4.373,0.667,1.0,0.001196,0.051017,1.585,0.5,0.5
3,4.333,1.0,0.667,0.333,0.0,0,2.552,3.6,0.333,1.0,-0.000202,0.051031,1.585,0.5,0.5
3,6.0,1.0,0.667,0.333,0.0,0,3.49,4.778,0.667,1.0,0.001641,0.051005,1.585,0.5,0.5
2,4.5,1.0,0.5,0.5,0.0,0,2.758,3.6,0.5,1.0,-8.7e-05,0.051031,1.0,1.0,0.0
1,5.0,1.0,0.0,1.0,0.0,0,1.916,1.916,0.0,1.0,0.000593,0.051028,0.0,0.5,0.5
3,5.667,1.0,0.667,0.333,0.0,0,4.139,5.472,0.667,1.0,0.000546,0.051028,1.585,0.0,1.0
3,6.333,1.0,1.0,0.0,0.0,0,3.111,4.555,0.333,1.0,0.000508,0.051029,1.585,0.5,0.5
3,5.333,1.0,1.0,0.0,0.0,0,4.151,5.066,0.667,1.0,0.000993,0.051021,1.585,0.5,0.5
3,7.0,1.0,0.667,0.333,0.0,0,4.151,5.066,0.667,1.0,0.000483,0.051029,1.585,0.5,0.5
3,7.333,1.0,0.667,0.0,0.333,0,4.569,5.066,0.333,1.0,0.000822,0.051024,1.585,0.5,0.5
3,5.0,1.0,1.0,0.0,0.0,0,3.416,5.472,0.333,1.0,0.000396,0.051029,1.585,0.5,0.5
3,9.333,1.0,1.0,0.0,0.0,0,3.544,4.555,0.667,1.0,0.000629,0.051027,1.585,0.5,0.5
2,10.5,1.0,1.0,0.0,0.0,0,4.32,4.555,0.5,1.0,0.00042,0.051029,1.0,0.5,0.5
3,9.333,1.0,1.0,0.0,0.0,0,4.704,5.472,0.333,1.0,0.000655,0.051027,1.585,0.5,0.5
3,9.333,1.0,0.333,0.333,0.0,0,3.764,4.373,0.667,1.0,0.000601,0.051027,1.585,0.5,0.5
3,8.333,1.0,0.667,0.333,0.0,0,4.522,5.472,0.667,1.0,0.001241,0.051016,1.585,0.5,0.5
3,7.667,1.0,1.0,0.0,0.0,0,3.64,4.555,0.667,1.0,0.000565,0.051028,1.585,0.5,0.5
3,6.667,1.0,0.667,0.0,0.333,0,3.64,5.066,0.667,1.0,0.001238,0.051016,1.585,0.5,0.5
2,9.5,1.0,0.5,0.5,0.0,0,4.811,5.066,0.5,1.0,0.000287,0.05103,1.0,0.5,0.5
3,9.333,1.0,0.667,0.333,0.0,0,4.726,5.066,0.333,1.0,0.000536,0.051028,1.585,0.5,0.5
3,7.333,1.0,0.667,0.333,0.0,0,3.29,5.066,0.667,1.0,0.000851,0.051024,1.585,0.5,0.5
3,5.333,1.0,1.0,0.0,0.0,0,3.487,5.472,0.333,1.0,0.00036,0.05103,1.585,0.0,1.0
3,5.333,1.0,0.667,0.333,0.0,0,2.919,3.767,0.667,1.0,0.00039,0.05103,1.585,1.0,0.0
3,5.0,1.0,1.0,0.0,0.0,0,2.919,3.767,0.667,1.0,0.000546,0.051028,1.585,1.0,0.0
2,4.5,1.0,0.5,0.5,0.0,0,2.842,3.767,0.5,1.0,0.000543,0.051028,1.0,1.0,0.0
2,5.5,1.0,1.0,0.0,0.0,0,2.495,3.074,0.5,1.0,0.000686,0.051026,1.0,0.5,0.5
3,6.0,1.0,0.333,0.333,0.333,0,3.824,4.778,0.667,1.0,0.000256,0.05103,1.585,0.5,0.5
3,7.667,1.0,1.0,0.0,0.0,0,4.704,4.778,0.667,1.0,0.000562,0.051028,1.585,0.5,0.5
3,9.0,0.667,0.667,0.0,0.333,0,4.63,4.778,0.333,1.0,0.000609,0.051027,0.918,0.5,0.5
2,8.5,1.0,0.5,0.0,0.5,0,4.667,4.778,0.5,1.0,0.00112,0.051019,1.0,0.5,0.5
3,6.333,0.667,1.0,0.0,0.0,0,4.778,4.778,0.0,1.0,0.00036,0.05103,0.918,0.5,0.5
3,7.0,1.0,0.667,0.333,0.0,0,4.267,5.066,0.333,1.0,0.000116,0.051031,1.585,0.5,0.5
3,5.667,1.0,0.667,0.333,0.0,0,3.432,4.778,0.667,1.0,0.000616,0.051027,1.585,0.5,0.5
2,8.0,1.0,0.5,0.5,0.0,0,3.347,4.778,0.5,1.0,0.001299,0.051015,1.0,1.0,0.0
2,8.5,1.0,0.5,0.5,0.0,0,3.491,5.066,0.5,1.0,0.000849,0.051024,1.0,1.0,0.0
3,8.667,1.0,0.333,0.667,0.0,0,3.824,4.778,0.667,1.0,0.00081,0.051025,1.585,1.0,0.0
3,6.333,1.0,0.667,0.333,0.0,0,2.986,3.767,0.667,1.0,0.001446,0.051011,1.585,0.0,1.0
2,5.5,1.0,1.0,0.0,0.0,0,1.753,1.916,0.5,1.0,0.000272,0.05103,1.0,0.5,0.5
2,7.0,1.0,0.5,0.5,0.0,0,3.068,4.219,0.5,1.0,0.000761,0.051025,1.0,0.5,0.5
3,5.333,1.0,0.667,0.0,0.333,1,2.151,2.946,0.333,1.0,0.000516,0.051028,1.585,0.5,0.5
1,5.0,1.0,0.0,1.0,0.0,0,1.916,1.916,0.0,1.0,0.000593,0.051028,0.0,0.5,0.5
3,6.667,1.0,0.667,0.333,0.0,0,2.154,3.074,0.333,1.0,0.000425,0.051029,1.585,0.5,0.5
3,6.667,1.0,0.667,0.333,0.0,0,2.919,3.767,0.667,1.0,0.000967,0.051022,1.585,0.5,0.5
3,5.333,1.0,0.667,0.333,0.0,0,2.919,3.767,0.667,1.0,0.00039,0.05103,1.585,1.0,0.0
2,4.5,1.0,0.5,0.5,0.0,0,2.842,3.767,0.5,1.0,0.000543,0.051028,1.0,0.5,0.5
3,6.667,1.0,1.0,0.0,0.0,0,3.109,4.778,0.333,1.0,0.000581,0.051028,1.585,0.5,0.5
3,6.667,1.0,1.0,0.0,0.0,0,3.109,4.778,0.333,1.0,0.001609,0.051006,1.585,0.5,0.5
3,8.0,1.0,0.333,0.333,0.333,0,3.718,4.219,0.667,1.0,0.001346,0.051013,1.585,0.5,0.5
3,9.0,1.0,0.333,0.333,0.0,0,4.495,5.066,0.667,1.0,0.000848,0.051024,1.585,0.5,0.5
3,7.333,1.0,0.667,0.0,0.333,0,2.922,4.219,0.667,1.0,0.000526,0.051028,1.585,0.5,0.5
3,4.333,1.0,1.0,0.0,0.0,0,4.441,4.778,0.667,1.0,0.001657,0.051004,1.585,0.5,0.5
3,5.667,1.0,0.333,0.667,0.0,0,3.75,5.472,0.667,1.0,0.001279,0.051015,1.585,0.5,0.5
1,5.0,1.0,0.0,1.0,0.0,0,1.916,1.916,0.0,1.0,0.000593,0.051028,0.0,0.5,0.5
3,4.333,1.0,1.0,0.0,0.0,0,2.214,2.668,0.667,1.0,0.001385,0.051012,1.585,0.5,0.5
2,4.5,1.0,0.5,0.5,0.0,0,2.687,3.457,0.5,1.0,0.000862,0.051024,1.0,0.5,0.5
3,6.667,1.0,0.667,0.333,0.0,0,3.615,5.472,0.333,1.0,0.000447,0.051029,1.585,0.5,0.5
3,6.0,1.0,0.333,0.667,0.0,0,2.954,5.472,0.333,1.0,0.000307,0.05103,1.585,0.5,0.5
3,7.667,1.0,1.0,0.0,0.0,0,3.638,4.778,0.667,1.0,0.001345,0.051013,1.585,0.5,0.5
2,4.5,1.0,1.0,0.0,0.0,0,1.695,1.916,0.5,1.0,0.000619,0.051027,1.0,0.5,0.5
3,7.667,1.0,1.0,0.0,0.0,0,2.723,4.778,0.333,1.0,0.00097,0.051022,1.585,0.0,1.0
3,5.333,1.0,0.333,0.0,0.667,0,3.714,4.778,0.667,1.0,0.000779,0.051025,1.585,0.5,0.5
3,5.0,1.0,0.667,0.0,0.0,0,3.625,5.066,0.667,1.0,0.000513,0.051028,1.585,0.5,0.5
3,5.0,1.0,1.0,0.0,0.0,1,3.625,5.066,0.667,1.0,0.000523,0.051028,1.585,0.5,0.5
3,5.0,1.0,0.333,0.667,0.0,1,3.92,5.066,0.667,1.0,0.000122,0.051031,1.585,0.5,0.5
3,5.333,1.0,0.667,0.0,0.333,0,4.161,5.066,0.333,1.0,0.000407,0.051029,1.585,0.5,0.5
3,4.0,1.0,0.333,0.333,0.333,0,4.688,5.066,0.667,1.0,0.000922,0.051023,1.585,0.5,0.5
3,6.667,1.0,1.0,0.0,0.0,0,3.254,4.085,0.667,1.0,-0.0001,0.051031,1.585,0.0,1.0
2,7.5,1.0,1.0,0.0,0.0,0,2.982,4.373,0.5,1.0,0.00035,0.05103,1.0,0.5,0.5
3,6.0,1.0,1.0,0.0,0.0,0,3.464,5.472,0.333,1.0,4e-05,0.051031,1.585,0.5,0.5
3,6.333,1.0,0.667,0.0,0.333,0,2.479,4.373,0.333,1.0,0.00057,0.051028,1.585,0.5,0.5
3,6.667,1.0,0.667,0.333,0.0,0,2.732,3.332,0.667,1.0,0.000336,0.05103,1.585,1.0,0.0
3,5.333,1.0,0.333,0.333,0.0,0,4.569,5.472,0.667,1.0,0.000144,0.051031,1.585,0.5,0.5
2,6.0,1.0,0.5,0.5,0.0,0,5.125,5.472,0.5,1.0,0.000407,0.051029,1.0,0.5,0.5
3,7.333,1.0,1.0,0.0,0.0,0,3.254,4.778,0.667,1.0,0.000755,0.051025,1.585,1.0,0.0
3,7.667,1.0,0.333,0.333,0.333,0,2.152,3.392,0.333,1.0,0.000669,0.051027,1.585,1.0,0.0
2,9.5,1.0,1.0,0.0,0.0,0,2.491,3.392,0.5,1.0,0.000759,0.051025,1.0,1.0,0.0
3,4.333,1.0,1.0,0.0,0.0,0,3.947,5.472,0.667,1.0,0.001323,0.051014,1.585,0.5,0.5
3,4.333,0.667,0.667,0.0,0.333,0,2.966,5.066,0.333,1.0,-0.0005,0.051029,0.918,0.0,1.0
3,3.667,0.667,0.667,0.0,0.333,0,4.016,5.066,0.667,1.0,-7.1e-05,0.051031,0.918,0.0,1.0
2,4.0,1.0,1.0,0.0,0.0,0,3.491,5.066,0.5,1.0,0.000291,0.05103,1.0,0.0,1.0
2,4.0,1.0,0.5,0.0,0.5,0,3.491,5.066,0.5,1.0,0.000289,0.05103,1.0,0.0,1.0
3,5.0,1.0,0.667,0.0,0.333,0,3.92,5.472,0.667,1.0,0.000359,0.05103,1.585,0.5,0.5
3,7.667,1.0,0.667,0.0,0.333,0,3.07,4.219,0.667,1.0,0.000513,0.051028,1.585,0.5,0.5
3,4.667,1.0,1.0,0.0,0.0,0,3.352,5.066,0.333,1.0,0.000654,0.051027,1.585,0.5,0.5
2,5.0,1.0,1.0,0.0,0.0,0,3.145,4.373,0.5,1.0,0.00123,0.051016,1.0,0.5,0.5
3,6.333,1.0,0.667,0.0,0.333,0,3.256,4.778,0.333,1.0,0.000585,0.051028,1.585,0.5,0.5
3,5.667,1.0,0.667,0.333,0.0,0,2.231,2.833,0.333,1.0,0.000474,0.051029,1.585,0.5,0.5
3,8.667,1.0,0.667,0.0,0.333,0,3.197,4.219,0.667,1.0,0.000313,0.05103,1.585,0.5,0.5
2,8.5,1.0,0.5,0.0,0.5,0,3.068,4.219,0.5,1.0,0.000553,0.051028,1.0,0.5,0.5
2,7.0,1.0,1.0,0.0,0.0,0,2.687,3.457,0.5,1.0,0.000427,0.051029,1.0,0.5,0.5
2,6.0,1.0,1.0,0.0,0.0,0,1.931,1.945,0.5,1.0,0.000477,0.051029,1.0,0.5,0.5
3,7.667,1.0,0.333,0.333,0.333,0,3.638,4.778,0.667,1.0,0.000915,0.051023,1.585,0.5,0.5
3,5.0,1.0,0.667,0.333,0.0,0,3.869,5.472,0.667,1.0,0.000444,0.051029,1.585,0.5,0.5
3,5.0,1.0,0.667,0.333,0.0,0,3.869,5.472,0.667,1.0,0.000573,0.051028,1.585,0.5,0.5
3,6.333,1.0,0.333,0.333,0.333,0,3.75,4.778,0.667,1.0,0.000989,0.051021,1.585,0.5,0.5
2,6.0,1.0,0.5,0.5,0.0,0,3.068,4.219,0.5,1.0,0.000955,0.051022,1.0,0.5,0.5
3,4.667,1.0,0.333,0.0,0.333,0,3.129,4.219,0.333,1.0,0.000936,0.051022,1.585,0.5,0.5
3,6.0,1.0,0.333,0.0,0.667,0,3.467,4.219,0.667,1.0,0.0009,0.051023,1.585,0.5,0.5
2,4.5,1.0,0.0,0.0,1.0,0,3.36,4.219,0.5,1.0,0.001335,0.051014,1.0,0.5,0.5
3,5.0,1.0,0.333,0.333,0.333,0,3.833,4.778,0.667,1.0,0.00154,0.051008,1.585,0.5,0.5
3,5.333,1.0,0.333,0.0,0.667,0,3.646,4.219,0.667,1.0,0.001358,0.051013,1.585,0.5,0.5
2,4.5,1.0,1.0,0.0,0.0,0,4.07,5.472,0.5,1.0,0.001991,0.050992,1.0,0.5,0.5
3,3.667,1.0,1.0,0.0,0.0,0,2.33,3.6,0.333,1.0,0.000701,0.051026,1.585,0.0,1.0
3,5.667,1.0,0.667,0.0,0.333,0,2.648,4.555,0.333,1.0,0.000965,0.051022,1.585,0.5,0.5
2,4.5,1.0,1.0,0.0,0.0,0,1.695,1.916,0.5,1.0,0.000619,0.051027,1.0,0.5,0.5
3,3.667,1.0,0.333,0.333,0.0,1,4.171,5.472,0.667,1.0,0.00178,0.051,1.585,0.5,0.5
3,7.0,1.0,1.0,0.0,0.0,0,3.352,4.555,0.333,1.0,0.000427,0.051029,1.585,0.5,0.5
3,8.0,1.0,0.667,0.0,0.333,0,3.407,5.472,0.333,1.0,6e-05,0.051031,1.585,0.5,0.5
3,6.0,1.0,1.0,0.0,0.0,0,4.055,4.778,0.667,1.0,0.000134,0.051031,1.585,0.5,0.5
3,6.0,1.0,1.0,0.0,0.0,0,4.055,4.778,0.667,1.0,4.8e-05,0.051031,1.585,0.5,0.5
3,3.667,1.0,1.0,0.0,0.0,0,3.406,4.778,0.667,1.0,0.001154,0.051018,1.585,0.5,0.5
3,6.667,1.0,0.667,0.333,0.0,0,4.181,5.066,0.667,1.0,0.000585,0.051028,1.585,0.5,0.5
2,5.0,1.0,1.0,0.0,0.0,0,3.739,4.778,0.5,1.0,0.001108,0.051019,1.0,0.5,0.5
3,6.0,0.667,0.667,0.333,0.0,0,3.392,4.778,0.333,1.0,0.000954,0.051022,0.918,0.5,0.5
2,5.0,1.0,0.5,0.5,0.0,0,3.739,4.778,0.5,1.0,0.001062,0.05102,1.0,0.5,0.5
2,9.0,1.0,1.0,0.0,0.0,0,3.739,4.778,0.5,1.0,0.000612,0.051027,1.0,0.5,0.5
3,4.667,1.0,0.667,0.333,0.0,0,3.623,4.778,0.333,1.0,0.001028,0.051021,1.585,0.5,0.5
3,9.0,1.0,1.0,0.0,0.0,0,4.011,4.778,0.667,1.0,0.000464,0.051029,1.585,0.5,0.5
2,5.0,1.0,1.0,0.0,0.0,0,3.739,4.778,0.5,1.0,0.001108,0.051019,1.0,0.5,0.5
3,9.0,1.0,1.0,0.0,0.0,0,4.011,4.778,0.667,1.0,0.000493,0.051029,1.585,0.5,0.5
3,7.0,1.0,1.0,0.0,0.0,0,4.085,4.778,0.667,1.0,0.001135,0.051018,1.585,0.5,0.5
3,7.667,1.0,0.667,0.333,0.0,0,4.412,5.472,0.333,1.0,0.000359,0.05103,1.585,0.5,0.5
2,7.5,1.0,0.5,0.5,0.0,0,4.432,5.472,0.5,1.0,-8.4e-05,0.051031,1.0,0.5,0.5
3,7.667,1.0,0.667,0.0,0.333,0,3.753,5.066,0.333,1.0,0.001367,0.051013,1.585,0.5,0.5
2,8.0,1.0,1.0,0.0,0.0,0,3.883,4.373,0.5,1.0,0.00073,0.051026,1.0,0.5,0.5
3,8.0,1.0,0.333,0.667,0.0,0,3.787,5.472,0.333,1.0,-0.00041,0.051029,1.585,0.5,0.5
